登録日,表示/非表示フラグ,各物件トップ表示順位,物件名,TOP物件コメント,物件URL,物件サムネイル画像,エリア,所在地,利用可能路線1,利用可能路線2,利用可能路線3,利用可能路線4,メリットコピー,予定価格の下限,予定価格の上限,販売価格の下限,販売価格の上限,専有面積 下限,専有面積 上限,資料請求URL,エリア毎の並び順,間取り(下限値),間取り(上限値),NEW,駅5分,ファミリーにおすすめ,SINGLE・DINKS,現地内覧可,モデルルーム公開中
2013/8/9,表示,palace1,パレステージ大宮大和田,11月中旬分譲開始予定,http://www.nisshinfudosan.co.jp/omiyaowada/,http://www.nisshinfudosan.co.jp/img/thumb/h25/omiyaowada_icon.gif,埼玉,埼玉県さいたま市見沼区大和田町一丁目,東武野田線「大和田」駅より徒歩3分,なし,なし,なし,「大宮」駅まで3駅6分。通勤や買い物に便利なアクセス,未定,未定,未定,未定,50.08㎡,87.51㎡,https://enq.nisshinfudosan.co.jp/form/fm/honsya/omiyaowada,,2LDK,4LDK＋N,,,,,,
2013/8/8,表示,palace2,パレステージ舎人公園,10月中旬分譲開始予定,http://www.nisshinfudosan.co.jp/tonerikoen/,http://www.nisshinfudosan.co.jp/img/thumb/h25/tonerikoen_icon.gif,東京23区,東京都足立区皿沼二丁目2番,日暮里・舎人ライナー「谷在家」駅より徒歩4分,日暮里・舎人ライナー「舎人公園」駅より徒歩7分,なし,なし,豊かな緑と水、スポーツ施設も充実した都立舎人公園まで徒歩4分,未定,未定,未定,未定,54.46㎡,72.47㎡,https://enq.nisshinfudosan.co.jp/form/fm/honsya/tonerikoen,2,2LDK,4LDK,非表示,表示,非表示,表示,非表示,表示
2013/8/8,表示,palace3,パレステージ溝の口,9月下旬分譲開始予定,http://www.nisshinfudosan.co.jp/mizonokuchi/,http://www.nisshinfudosan.co.jp/img/thumb/h25/mizonokuchi_icon.gif,神奈川,神奈川県川崎市高津区久本二丁目11番,東急田園都市線・大井町線「溝の口」駅より徒歩10分,JR南武線「武蔵溝ノ口」駅より徒歩10分,東急田園都市線「梶ヶ谷」駅より徒歩9分,なし,「溝の口」駅より徒歩10分。「渋谷」駅まで13分の快適アクセス,3630,4930,3630,4930,65.40㎡,75.67㎡,https://enq.nisshinfudosan.co.jp/form/fm/honsya/mizonokuchi,,2LDK＋S,4LDK,,,,,,
2013/7/24,表示,palace4,パレステージ三鷹,8月下旬分譲開始予定,http://www.nisshinfudosan.co.jp/mitaka/,http://www.nisshinfudosan.co.jp/img/thumb/h25/mizonokuchi_icon.gif,東京都下,東京都三鷹市下連雀三丁目4番20,JR中央線・総武線「三鷹」駅より徒歩11分,なし,なし,なし,街の賑わいと井の頭恩賜公園の潤いが調和するロケーション,3470,6160,3470,6160,46.18㎡,71.56㎡,https://enq.nisshinfudosan.co.jp/form/fm/honsya/mitaka,1,1LDK,4LDK,,,,,,
2013/4/9,表示,palace5,パレステージ松戸北小金,5月中旬分譲開始予定,http://www.nisshinfudosan.co.jp/matsudokitakogane/,http://www.nisshinfudosan.co.jp/img/thumb/h25/matsudokitakogane_icon.gif,千葉,千葉県松戸市根木内237番地の1,JR常磐線「北小金」駅より徒歩11分,なし,なし,なし,爽やかな陽光と風が息づく全戸南向きのプランニングをご用意,2740,3190,2740,3190,70.02㎡,70.49㎡,https://enq.nisshinfudosan.co.jp/form/fm/honsya/matsudokitakogane,,2LDK+S,4ＬＤＫ,,,,,,
2013/3/25,表示,palace6,TOKYO TWINKLE PROJECT,4月下旬分譲開始予定,http://www.nisshinfudosan.co.jp/machiya/,http://www.nisshinfudosan.co.jp/img/thumb/h25/machiya_icon.gif,東京23区,東京都荒川区町屋八丁目1番7、町屋七丁目1番,東京メトロ千代田線「町屋」駅より徒歩7分、11分,京成本線「町屋」駅より徒歩8分、12分,なし,なし,教育施設が10分圏内に揃い、商店街も身近な家族に嬉しい住環境,3590,4960,3590,4960,63.39㎡,83.16㎡,https://enq.nisshinfudosan.co.jp/form/fm/honsya/machiya,3,2LDK+S,4ＬＤＫ,表示,非表示,表示,非表示,表示,非表示
2013/2/21,表示,palace7,パレステージ阿佐ヶ谷,4月中旬分譲開始予定,http://www.nisshinfudosan.co.jp/asagaya,http://www.nisshinfudosan.co.jp/img/thumb/h25/asagaya_icon.gif,東京23区,東京都杉並区本天沼一丁目28番,JR中央線・総武線「阿佐ヶ谷」駅より徒歩13分,西武新宿線「鷺ノ宮」駅より徒歩14分,なし,なし,阿佐ヶ谷の賑わいと中杉通りの緑豊かな自然とが調和する住環境,5240,7790,5240,7790,67.02㎡,87.62㎡,https://enq.nisshinfudosan.co.jp/form/fm/honsya/asagaya,4,3LDK,4ＬＤＫ,,,,,,
2013/2/8,表示,palace,パレステージ西所沢,5月上旬分譲開始予定,http://www.nisshinfudosan.co.jp/nishitokorozawa/,http://www.nisshinfudosan.co.jp/img/thumb/h25/nishitokorozawa_icon.gif,埼玉,埼玉県所沢市金山町14番9,西武池袋線「西所沢」駅より徒歩6分,なし,なし,なし,「西所沢」駅徒歩6分の角地に誕生する、15階建全70邸,2820,3570,2820,3570,69.45㎡,75.99㎡,https://enq.nisshinfudosan.co.jp/form/fm/honsya/nishitokorozawa,,2LDK+S,4LDK,,,,,,
2013/1/31,表示,palace,パレステージ八王子,3月下旬分譲開始予定,http://www.nisshinfudosan.co.jp/hachioji/,http://www.nisshinfudosan.co.jp/img/thumb/h25/hachioji_icon.gif,東京都下,東京都八王子市明神町二丁目3番,京王線「京王八王子」駅より徒歩7分,JR中央線「八王子」駅より徒歩12分,JR横浜線「八王子」駅より徒歩12分,JR八高線「八王子」駅より徒歩12分,2駅4路線利用可能で「新宿」「東京」へダイレクトアクセス,2910,3960,2910,3960,60.85㎡,75.03㎡,https://enq.nisshinfudosan.co.jp/form/fm/honsya/hachioji,2,2LDK,4LDK,,,,,,
2013/1/10,表示,palace,パレステージ王子,2月中旬分譲開始予定,http://www.nisshinfudosan.co.jp/oji/,http://www.nisshinfudosan.co.jp/img/thumb/h25/oji_icon.gif,東京23区,東京都北区王子二丁目2番,JR京浜東北線「王子」駅より徒歩7分,東京メトロ南北線「王子」駅より徒歩5分,都電荒川線「王子駅前」より徒歩7分,なし,「王子」駅徒歩５分、フラットで歩きやすいアプローチ。,3920,4400,3920,4400,62.37㎡,65.82㎡,https://enq.nisshinfudosan.co.jp/form/fm/honsya/ouji,5,3LDK,3LDK,,,,,,
2013/1/8,非表示,palace,パレステージ浅草橋,3月上旬分譲開始予定,http://www.nisshinfudosan.co.jp/asakusabashi/,http://www.nisshinfudosan.co.jp/img/thumb/h25/asakusabashi_icon.gif,東京23区,東京都台東区鳥越二丁目9番,JR総武線「浅草橋」駅より徒歩8分,都営浅草線「蔵前」駅より徒歩7分,都営大江戸線「新御徒町」駅より徒歩8分,都営浅草線「浅草橋」駅より徒歩9分,3駅4路線利用可。都内各所へ軽快にアクセス。,4040,5020,4040,5020,55.20㎡,65.78㎡,https://enq.nisshinfudosan.co.jp/form/fm/honsya/asakusabashi,6,2LDK,3LDK,,,,,,
2012/11/30,非表示,palace,パレステージ六町,2月上旬分譲開始予定,http://www.nisshinfudosan.co.jp/rokucho/,http://www.nisshinfudosan.co.jp/img/thumb/h24/rokucho_icon.gif,東京23区,東京都足立区六町一丁目16番,つくばエクスプレス「六町」駅より徒歩4分,なし,なし,なし,明るい光を取り入れる全戸南向きの心地よい住空間,3140,3140,3140,3140,63.22㎡,63.22㎡,https://enq.nisshinfudosan.co.jp/form/fm/honsya/rokucho,,3LDK,3LDK,,,,,,
2012/10/31,非表示,palace,パレステージ中神,12月下旬分譲開始,http://www.nisshinfudosan.co.jp/nakagami/,http://www.nisshinfudosan.co.jp/img/thumb/h24/nakagami_icon.gif,東京都下,東京都昭島市朝日町二丁目4番,JR青梅線「中神」駅より徒歩8分,JR青梅線「昭島」駅より徒歩12分,なし,なし,全戸南西または南東向きの明るいプランニング,3820,3820,3820,3820,76.63㎡,76.63㎡,https://enq.nisshinfudosan.co.jp/form/fm/honsya/nakagami,3,4LDK,4LDK,,,,,,
2012/7/19,非表示,palace,パレステージ福生,9月上旬分譲開始予定,http://www.nisshinfudosan.co.jp/fussa,http://www.nisshinfudosan.co.jp/img/thumb/h24/fussa_icon.gif,東京都下,東京都福生市大字福生885番1,JR青梅線「福生」駅より徒歩3分,なし,なし,なし,JR青梅線「福生」駅から徒歩３分。生活利便性にも優れた駅近立地,2940,3510,2940,3510,64.82㎡,74.29㎡,https://enq.nisshinfudosan.co.jp/form/fm/honsya/fussa,4,3LDK,4LDK,,,,,,
2012/6/29,非表示,palace,パレステージ練馬,9月中旬分譲開始予定,http://www.nisshinfudosan.co.jp/nerima,http://www.nisshinfudosan.co.jp/img/thumb/h24/nerima_icon.gif,東京23区,東京都練馬区練馬二丁目33番,西武池袋線「練馬」駅より徒歩12分,東京メトロ有楽町線・副都心線「氷川台」駅より徒歩14分,都営大江戸線「豊島園」駅より徒歩11分,都営大江戸線「練馬」駅より徒歩12分,見晴らしの良い低層の街並みに囲まれた閑静な住環境,4130,4130,4130,4130,62.97㎡,62.97㎡,https://enq.nisshinfudosan.co.jp/form/fm/honsya/nerima,,3LDK,3LDK,,,,,,
2012/6/29,非表示,palace,パレステージ中野野方,9月上旬分譲開始予定,http://www.nisshinfudosan.co.jp/nakano_nogata,http://www.nisshinfudosan.co.jp/img/thumb/h24/nakano_nogata_icon.gif,東京23区,東京都中野区野方二丁目63番,西武新宿線「野方」駅より徒歩7分,JR中央線・総武線「高円寺」駅より徒歩17分,なし,なし,西武新宿線・ＪＲ中央線・総武線の3路線利用可の快適な立地,5130,5130,5130,5130,75.20㎡,75.20㎡,https://enq.nisshinfudosan.co.jp/form/fm/honsya/nakano_nogata,,4LDK,4LDK,,,,,,
2012/6/29,非表示,palace,パレステージ神田,9月中旬分譲開始予定,http://www.nisshinfudosan.co.jp/kanda/,http://www.nisshinfudosan.co.jp/img/thumb/h24/kanda_icon.gif,東京23区,東京都千代田区内神田三丁目3番,JR線「神田」駅より徒歩3分,東京メトロ線「大手町」駅より徒歩6分,なし,なし,千代田区内神田。山手線内側の立地に誕生する全32邸,4580,4620,4580,4620,54.25㎡,54.25㎡,https://enq.nisshinfudosan.co.jp/form/fm/honsya/kanda,,1LDK+S,1LDK+S,,,,,,
2012/6/28,非表示,palace,パレステージ錦糸町,9月中旬分譲開始予定,http://www.nisshinfudosan.co.jp/kinshicho,http://www.nisshinfudosan.co.jp/img/thumb/h24/kinshicho_icon.gif,東京23区,東京都墨田区大平一丁目15番,JR総武線・総武線快速「錦糸町」駅より徒歩8分,東京メトロ半蔵門線「錦糸町」駅より徒歩9分,なし,なし,3路線利用可能で「東京」「新宿」「渋谷」へもダイレクトアクセス,3890,4390,3890,4390,54.06㎡,62.36㎡,https://enq.nisshinfudosan.co.jp/form/fm/honsya/kinshicho,,1LDK+S,3LDK,,,,,,
2012/6/28,非表示,palace,パレステージ綾瀬,9月中旬分譲開始予定,http://www.nisshinfudosan.co.jp/ayase,http://www.nisshinfudosan.co.jp/img/thumb/h24/ayase_icon.gif,東京23区,東京都足立区東綾瀬三丁目2番,東京メトロ千代田線「綾瀬」駅より徒歩14分,JR常磐緩行線「綾瀬」駅より徒歩14分,東京メトロ千代田線「北綾瀬」駅より徒歩12分,なし,公園に囲まれた緑豊かな住環境,3680,3820,3680,3820,75.68㎡,85.44㎡,https://enq.nisshinfudosan.co.jp/form/fm/honsya/ayase,7,3LDK＋S,4LDK,,,,,,
2012/6/28,非表示,palace,パレステージ西新井本町,9月中旬分譲開始予定,http://www.nisshinfudosan.co.jp/nishiarai_honcho/,http://www.nisshinfudosan.co.jp/img/thumb/h24/nishiarai_honcho_icon.gif,東京23区,東京都足立区西新井本町二丁目14番,東武大師線「大師前」駅より徒歩11分,日暮里・舎人ライナー「江北」駅より徒歩8分,なし,なし,毎日のくらしを明るくする全戸南向きのルームプラン,2940,3510,2940,3510,62.62㎡,73.17㎡,https://enq.nisshinfudosan.co.jp/form/fm/honsya/nishiarai_honcho,8,3LDK～4LDK,4LDK,,,,,,
2012/6/28,表示,palace,パレステージ本厚木,8月中旬分譲開始,http://www.nisshinfudosan.co.jp/honatsugi/,http://www.nisshinfudosan.co.jp/img/thumb/h24/honatsugi_icon.gif,神奈川,神奈川県厚木市水引2丁目2番,小田急小田原線「本厚木」駅より徒歩13分,なし,なし,なし,お祭りやイベントの多い楽しい街に誕生する全95邸,2870,2870,2870,2870,73.20㎡,73.20㎡,https://enq.nisshinfudosan.co.jp/form/fm/honsya/honatsugi,,3LDK+N,3LDK+N,,,,,,
2012/6/1,表示,palace,パレステージ横浜台町,7月中旬分譲開始,http://www.nisshinfudosan.co.jp/yokohama_daimachi/,http://www.nisshinfudosan.co.jp/img/thumb/h24/yokohamadaimachi_icon.gif,神奈川,神奈川県横浜市神奈川区台町7番,JR線「横浜」駅より徒歩6分,東急東横線「横浜」駅より徒歩6分,相模鉄道本線「横浜」駅より徒歩6分,京浜急行本線「横浜」駅よ徒歩6分,ビックターミナル「横浜」駅より徒歩6分,4110,4110,4110,4110,54.30㎡,54.30㎡,https://enq.nisshinfudosan.co.jp/form/fm/honsya/yokohama_daimachi,,2LDK,2LDK,,,,,,
2012/5/17,表示,palace,パレステージ町田イースト,先着順受付中,http://www.nisshinfudosan.co.jp/machida_east/,http://www.nisshinfudosan.co.jp/img/thumb/h24/machida_east_icon.gif,東京都下,東京都町田市原町田四丁目19番,JR横浜線「町田」駅より徒歩7分,小田急小田原線「町田」駅より徒歩9分,なし,なし,小田急線・JR横浜線2路線利用で通勤、通学、買い物に便利な都心へ直結,3720,3800,3720,3800,63.24㎡,64.02㎡,https://enq.nisshinfudosan.co.jp/form/fm/honsya/machida_east,,3LDK,3LDK,,,,,,
2012/3/23,表示,palace,パレステージ三ツ沢上町,4月下旬分譲開始予定,http://www.nisshinfudosan.co.jp/mitsuzawa/,http://www.nisshinfudosan.co.jp/img/thumb/h24/mitsuzawa_icon.gif,神奈川,神奈川県横浜市神奈川区三ツ沢上町3番12,横浜市営地下鉄ブルーライン「三ッ沢上町」駅より徒歩2分,なし,なし,なし,三ツ沢上町駅より徒歩2分。横浜も身近な生活圏に,3290,3290,3290,3290,55.78㎡,55.78㎡,https://enq.nisshinfudosan.co.jp/form/fm/honsya/mitsuzawa,,2LDK,2LDK,,,,,,
2012/3/23,表示,palace,パレステージ根岸,4月下旬分譲開始予定,http://www.nisshinfudosan.co.jp/negishi/,http://www.nisshinfudosan.co.jp/img/thumb/h24/negishi_icon.gif,東京23区,東京都台東区根岸3丁目22番,JR山手線「鶯谷」駅より徒歩8分,東京メトロ日比谷線「入谷」駅より徒歩7分,JR線「上野」駅より徒歩16分,なし,利便性が高いＪＲ山手線を利用できる3駅8路線のマルチアクセス,3160,3340,3160,3340,53.99㎡,55.51㎡,https://enq.nisshinfudosan.co.jp/form/fm/honsya/negishi,,1LDK+Ｓ,2LDK,,,,,,
2012/2/10,表示,palace,パレステージ井土ヶ谷,3月下旬分譲開始予定,http://www.nisshinfudosan.co.jp/idogaya/,http://www.nisshinfudosan.co.jp/img/thumb/h23/idogaya_icon.gif,神奈川,神奈川県横浜市南区永田東二丁目1番,京浜急行本線「井土ヶ谷」駅より徒歩7分,JR横須賀線・湘南新宿ライン「保土ヶ谷」駅より徒歩15分,なし,なし,横浜駅へ直通７分。暮らすほど便利さと楽しみが広がる街「井土ヶ谷」,4130,4330,4130,4330,70.60㎡,75.33㎡,https://enq.nisshinfudosan.co.jp/form/fm/honsya/idogaya,,3LDK,4LDK,,,,,,
2012/2/10,表示,palace,パレステージ町田サウスト,3月下旬分譲開始予定,http://www.nisshinfudosan.co.jp/machida/,http://www.nisshinfudosan.co.jp/img/thumb/h23/machida_icon.gif,東京都下,東京都町田市原町田二丁目22番,JR横浜線「町田」駅より徒歩8分,小田急線「町田」駅より徒歩13分,なし,なし,町田駅より徒歩８分。小田急線・JR横浜線２路線利用可能で都心へ軽快アクセス,3530,3530,3530,3530,64.38㎡,64.38㎡,https://enq.nisshinfudosan.co.jp/form/fm/honsya/machida,,3LDK,3LDK,,,,,,
2011/10/25,表示,palace,日神パレステージ初台オペラ通り,11月下旬分譲開始予定,http://www.nisshinfudosan.co.jp/hatsudai/,http://www.nisshinfudosan.co.jp/img/thumb/h23/hatsudai_icon.gif,東京23区,東京都渋谷区本町一丁目2番,京王新線「初台」駅より徒歩1分,なし,なし,なし,東京オペラシティに隣接する究極のポジションに誕生,2970,3590,2970,3590,54.54㎡,64.81㎡,https://enq.nisshinfudosan.co.jp/form/fm/honsya/hatsudai,,2LDK＋S,2LDK＋S,,,,,,
2011/10/14,表示,palace,パレステージ日吉さくらが丘,1月下旬分譲開始予定,http://www.nisshinfudosan.co.jp/hiyoshi/,http://www.nisshinfudosan.co.jp/img/thumb/h23/hiyoshi_icon.gif,神奈川,神奈川県川崎市高津区蟹ヶ谷,東急東横線「日吉」駅よりバス10分「さくらが丘」停留所より徒歩2分,なし,なし,なし,陽ざしと緑に包まれた日吉の丘に誕生する全99邸,3140,4220,3140,4220,64.16㎡,81.54㎡,https://enq.nisshinfudosan.co.jp/form/fm/honsya/hiyoshi,,2LDK＋S,4LDK,,,,,,
2011/7/12,表示,palace,日神パレステージ府中西,9月下旬分譲開始予定,http://www.nisshinfudosan.co.jp/fuchunishi/,http://www.nisshinfudosan.co.jp/img/thumb/h23/fuchunishi_icon.gif,東京都下,東京都府中市本宿町二丁目14番,JR南武線「西府」駅より徒歩7分,京王線「分倍河原」駅より徒歩13分,JR南武線「分倍河原」駅より徒歩13分,なし,明るい光を取り入れる全戸南向きの心地よい住空間,2450,2450,2450,2450,54.15㎡,54.15㎡,https://enq.nisshinfudosan.co.jp/form/fm/honsya/fuchunishi,,2LDK,2LDK,,,,,,
2011/7/11,非表示,palace,日神パレステージ立川柴崎町,8月下旬分譲開始予定,http://www.nisshinfudosan.co.jp/tachikawa_shibasaki/,http://www.nisshinfudosan.co.jp/img/thumb/h23/tachikawa_shibasaki_icon.gif,東京都下,東京都立川市柴崎町二丁目4番,JR中央線「立川」駅より徒歩5分,JR南武線「立川」駅より徒歩5分,多摩都市モノレール「立川南」駅より徒歩4分,JR青梅線「立川」駅より徒歩5分,ルームプランは全戸明るく開放的な角住戸の全26邸,3370,3370,3370,3370,54.01㎡,54.01㎡,https://enq.nisshinfudosan.co.jp/form/fm/honsya/tachikawa_shibasaki,,2LDK,2LDK,,,,,,
2011/7/8,非表示,palace,日神パレステージ大森町,8月下旬分譲開始予定,http://www.nisshinfudosan.co.jp/omorimachi/,http://www.nisshinfudosan.co.jp/img/thumb/h23/omorimachi_icon.gif,東京23区,東京都大田区大森中一丁目17番,京浜急行本線「大森町」駅より徒歩4分,京浜急行本線「梅屋敷」駅より徒歩5分,なし,なし,横浜駅へ12分、東京駅へ18分、\n2駅利用で都心へ快適アクセス,3210,4000,,,54.00㎡,54.00㎡,https://enq.nisshinfudosan.co.jp/form/fm/honsya/omorimachi,1,2LDK,2LDK,表示,表示,表示,表示,表示,表示
2011/7/8,非表示,palace,日神パレステージ立川曙町,8月下旬分譲開始予定,http://www.nisshinfudosan.co.jp/tachikawa_akebonocho/,http://www.nisshinfudosan.co.jp/img/thumb/h23/tachikawa_akebonocho_icon.gif,東京都下,東京都立川市曙町二丁目19番,JR中央線「立川」駅より徒歩7分,JR南武線「立川」駅より徒歩7分,多摩都市モノレール「立川北」駅より徒歩7分,JR青梅線「立川」駅より徒歩7分,明るい光を取り入れる全戸南向きの心地よい住空間,3250,4070,3250,4070,54.07㎡,63.70㎡,https://enq.nisshinfudosan.co.jp/form/fm/honsya/tachikawa_akebonocho,,2LDK～2LDK＋S,2LDK＋S,,,,,,
2011/7/5,非表示,palace,日神パレステージ西新井,8月上旬分譲開始予定,http://www.nisshinfudosan.co.jp/nishiarai/,http://www.nisshinfudosan.co.jp/img/thumb/h23/nishiarai_icon.gif,東京23区,東京都足立区西新井栄町二丁目11番10,東武伊勢崎線「西新井」駅より徒歩3分,なし,なし,なし,駅徒歩3分。駅前再開発により美しく生まれ変わる「西新井」に誕生,2940,3550,2940,3550,54.06㎡,64.29㎡,https://enq.nisshinfudosan.co.jp/form/fm/honsya/nishiarai/,,2LDK,2LDK＋S,,,,,,
2001/7/1,非表示,palace,日神パレステージ曳舟,8月下旬分譲開始予定,http://www.nisshinfudosan.co.jp/hikihune/,http://www.nisshinfudosan.co.jp/img/thumb/h23/hikihune_icon.gif,東京23区,東京都墨田区八広一丁目4番,京成押上線「京成曳舟」駅より徒歩3分,東武伊勢崎線「東向島」駅より徒歩8分,東武伊勢崎線「曳舟」駅より徒歩9分,なし,徒歩8分内に3駅3路線利用可能で都心へ快適アクセス,3600,3600,3600,3600,57.51㎡,57.51㎡,https://enq.nisshinfudosan.co.jp/form/fm/honsya/hikihune,,2LDK,2LDK,,,,,,
2011/7/1,非表示,palace,日神パレステージ新小岩EAST,7月下旬分譲開始予定,http://www.nisshinfudosan.co.jp/shinkoiwa_east/,http://www.nisshinfudosan.co.jp/img/thumb/h23/shinkoiwa_east_icon.gif,東京23区,東京都葛飾区新小岩四丁目7番20,JR総武線・総武線快速「新小岩」駅より徒歩7分,なし,なし,なし,東京へ直通13分、新宿25分など都心の主要エリアへスピーディーアクセス,3420,4080,3420,4080,60.75㎡,70.06㎡,https://enq.nisshinfudosan.co.jp/form/fm/honsya/shinkoiwa_east,,2LDK,3LDK,,,,,,
2011/7/1,非表示,palace,日神パレステージ板橋滝野川,9月中旬分譲開始予定,http://www.nisshinfudosan.co.jp/itabashi_takinogawa/,http://www.nisshinfudosan.co.jp/img/thumb/h23/itabashitakinogawa_icon.gif,東京23区,東京都北区滝野川六丁目11番,都営三田線「西巣鴨」駅より徒歩5分,JR埼京線「板橋」駅より徒歩8分,なし,なし,都営三田線とJR埼京線の2路線利用可の快適アクセス,4800,4800,4800,4800,70.56㎡,70.56㎡,https://enq.nisshinfudosan.co.jp/form/fm/honsya/itabashi_takinogawa,,3LDK,3LDK,,,,,,
2011/6/28,非表示,palace,日神パレステージ梅島,8月下旬分譲開始予定,http://www.nisshinfudosan.co.jp/umejima/,http://www.nisshinfudosan.co.jp/img/thumb/h23/umejima_icon.gif,東京23区,東京都足立区梅田七丁目10番,東武伊勢崎線「梅島」駅より徒歩8分,なし,なし,なし,プライバシーに優れた角住戸中心のプラン,2730,3220,2730,3220,54.90㎡,63.03㎡,https://enq.nisshinfudosan.co.jp/form/fm/honsya/umejima,,2LDK,3LDK,,,,,,
2011/6/28,非表示,palace,日神パレステージ池袋西,8月上旬分譲開始予定,http://www.nisshinfudosan.co.jp/ikebukuro_nishi/,http://www.nisshinfudosan.co.jp/img/thumb/h23/Ikebukuro_icon.gif,東京23区,東京都板橋区中丸町11番,東京メトロ有楽町線・副都心線「要町」駅より徒歩12分,JR線「池袋」駅より徒歩14分,西武池袋線「池袋」駅より徒歩14分,東武東上線「池袋」駅より徒歩14分,2駅8路線利用で主要スポットへダイレクトアクセス,4500,4580,4500,4580,63.00㎡,65.51㎡,https://enq.nisshinfudosan.co.jp/form/fm/honsya/ikebukuro_nishi,,3LDK,3LDK,,,,,,
2011/5/16,非表示,palace,日神パレステージ江戸川船堀,6月中旬分譲開始予定,http://www.nisshinfudosan.co.jp/edogawa_hunabori/,http://www.nisshinfudosan.co.jp/img/thumb/h23/edogawahunabori_icon.gif,東京23区,東京都江戸川区東小松川四丁目12番,都営新宿線「船堀」駅より徒歩11分,なし,なし,なし,全12タイプの明るい南向きと東向きの２棟建て全29邸,4030,4270,4030,4270,70.20㎡,74.84㎡,https://enq.nisshinfudosan.co.jp/form/fm/honsya/hunabori/,9,3LDK+DEN,4LDK,,,,,,
2011/5/13,表示,palace,日神パレステージ川口元郷,6月下旬分譲開始,http://www.nisshinfudosan.co.jp/kawaguchimotogo/,http://www.nisshinfudosan.co.jp/img/thumb/h23/kawaguchimotogo_icon.gif,埼玉,埼玉県川口市元郷一丁目27番8,埼玉高速鉄道線「川口元郷」駅より徒歩9分,なし,なし,なし,明るい光を取り入れる全戸南西向きの心地よい住空間,3170,3170,3170,3170,70.33㎡,70.33㎡,https://enq.nisshinfudosan.co.jp/form/fm/honsya/kawaguchimotogo,,3LDK,3LDK,,,,,,
2011/5/13,表示,palace,日神パレステージ海老名,7月中旬分譲開始,http://www.nisshinfudosan.co.jp/ebina/,http://www.nisshinfudosan.co.jp/img/thumb/h23/ebina_icon.gif,神奈川,神奈川県海老名市中央三丁目4番10,小田急小田原線「海老名」駅より徒歩7分,JR相模線「海老名」駅より徒歩11分,相模鉄道線「海老名」駅より徒歩7分,なし,間取りは全戸南向きの明るいプランニング,2780,3040,2780,3040,60.69㎡,65.08㎡,https://enq.nisshinfudosan.co.jp/form/fm/honsya/ebina,,2LDK＋S,3LDK,,,,,,
2011/5/9,表示,palace,日神パレステージ京王よみうりランド,6月上旬分譲開始予定,http://www.nisshinfudosan.co.jp/keio_yomiuriland/,http://www.nisshinfudosan.co.jp/img/thumb/h23/keio_yomiuriland_icon.gif,東京都下,東京都稲城市矢野口1599番の2,京王相模原線「京王よみうりランド」駅より徒歩9分,JR南武線「矢野口」駅より徒歩9分,なし,なし,２駅２路線利用可能で都心へも軽快アクセス,2960,2960,2960,2960,70.21㎡,70.21㎡,https://enq.nisshinfudosan.co.jp/form/fm/honsya/keio_yomiuriland,,2LDK+S,2LDK+S,,,,,,
2011/4/26,表示,palace,日神パレステージ四つ木,6月上旬分譲開始予定,http://www.nisshinfudosan.co.jp/yotsugi/,http://www.nisshinfudosan.co.jp/img/thumb/h23/yotsugi_icon.gif,東京23区,東京都葛飾区四つ木二丁目19番,京成押上線「四ツ木」駅より徒歩11分,京成本線「お花茶屋」駅より徒歩17分,京成押上線「京成立石」駅より徒歩14分,なし,商業施設や小中学校が身近に揃う暮らしやすい住環境,3780,3780,3780,3780,74.99㎡,74.99㎡,https://enq.nisshinfudosan.co.jp/form/fm/honsya/yotsugi,,3LDK,3LDK,,,,,,
2011/4/26,表示,palace,日神パレステージ小田急相模原フロント,6月中旬分譲開始予定,http://www.nisshinfudosan.co.jp/odakyusagamihara/,http://www.nisshinfudosan.co.jp/img/thumb/h23/odakyusagamihara_icon.gif,神奈川,神奈川県座間市相模が丘五丁目3番,小田急小田原線「小田急相模原」駅より徒歩2分,なし,なし,なし,駅徒歩2分。新しく生まれ変わる駅前の利便性を享受する立地,3440,3440,3440,3440,73.76㎡,73.76㎡,https://enq.nisshinfudosan.co.jp/form/fm/honsya/odakyu_sagamihara,,3LDK,3LDK,,,,,,
2011/3/1,表示,palace,日神パレステージ大塚,4月上旬分譲開始予定,http://www.nisshinfudosan.co.jp/otsuka/,http://www.nisshinfudosan.co.jp/img/thumb/h23/otsuka_icon.gif,東京23区,東京都豊島区南大塚一丁目58番,JR山手線「大塚」駅より徒歩5分,東京メトロ丸ノ内線「新大塚」駅より徒歩8分,都営三田線「巣鴨」駅より徒歩9分,JR山手線「巣鴨」駅より徒歩10分,山手線内側の立地。５駅４路線利用できる軽快アクセス,3700,3700,3700,3700,54.23㎡,54.23㎡,https://enq.nisshinfudosan.co.jp/form/fm/honsya/otsuka,,2LDK,2LDK,,,,,,
2011/3/1,表示,palace,日神パレステージ下赤塚,4月上旬分譲開始予定,http://www.nisshinfudosan.co.jp/shimoakatsuka/,http://www.nisshinfudosan.co.jp/img/thumb/h23/shimoakatsuka_icon.gif,東京23区,東京都板橋区徳丸四丁目18番,東京メトロ副都心線「地下鉄赤塚」駅より徒歩12分,東武東上線「下赤塚」駅より徒歩11分,東京メトロ有楽町線「地下鉄赤塚｣駅より徒歩12分,東武東上線「東武練馬」駅より徒歩13分,副都心線利用で新宿三丁目・渋谷へもダイレクトアクセス,3510,3510,3510,3510,63.60㎡,63.60㎡,https://enq.nisshinfudosan.co.jp/form/fm/honsya/shimoakatsuka,,3LDK,3LDK,,,,,,
2011/3/1,表示,palace,日神パレステージ浦和本太,4月上旬分譲開始予定,http://www.nisshinfudosan.co.jp/urawa_motobuto/,http://www.nisshinfudosan.co.jp/img/thumb/h23/urawa_motobuto_icon.gif,埼玉,埼玉県さいたま市浦和区本太二丁目2番,JR京浜東北線「浦和」駅より徒歩8分,JR宇都宮線「浦和」駅より徒歩8分,ＪＲ高崎線「浦和｣駅より徒歩8分,なし,３路線利用できるＪＲ浦和駅より徒歩８分,3300,3300,3300,3300,60.58㎡,60.58㎡,https://enq.nisshinfudosan.co.jp/form/fm/honsya/urawa_motobuto,,2LDK＋S,2LDK＋S,,,,,,
2011/3/1,表示,palace,日神パレステージ横浜鶴ヶ峰,4月上旬分譲開始予定,http://www.nisshinfudosan.co.jp/tsurugamine/,http://www.nisshinfudosan.co.jp/img/thumb/h23/tsurugamine_icon.gif,神奈川,神奈川県横浜市旭区白根一丁目21番,相模鉄道線「鶴ヶ峰」駅より徒歩13分,相模鉄道線「西谷」駅より徒歩11分,なし,なし,明るく開放的な南向き住戸中心のプラン,2960,3120,2960,3120,63.10㎡,64.05㎡,https://enq.nisshinfudosan.co.jp/form/fm/honsya/tsurugamine,,2LDK＋S,3LDK,,,,,,
2010/12/10,表示,palace,日神パレステージ王子神谷Ⅱ,1月上旬分譲開始予定,http://www.nisshinfudosan.co.jp/ojikamiya2/,http://www.nisshinfudosan.co.jp/img/thumb/h22/ojikamiya2_icon.gif,東京23区,東京都北区神谷一丁目2番,東京メトロ南北線「王子神谷」駅より徒歩3分,JR京浜東北線「東十条」駅より徒歩11分,なし,なし,王子神谷駅より徒歩3分。2駅2路線利用で都心へラクラクアクセス,2880,2880,2880,2880,54.32㎡,54.32㎡,https://enq.nisshinfudosan.co.jp/form/fm/honsya/ojikamiya2,,1LDK＋S,1LDK＋S,,,,,,
2010/12/10,非表示,palace,日神パレステージ板橋本町,1月上旬分譲開始予定,http://www.nisshinfudosan.co.jp/itabashihoncho/,http://www.nisshinfudosan.co.jp/img/thumb/h22/itabashihoncho_icon.gif,東京23区,東京都板橋区本町19番,都営三田線「板橋本町」駅より徒歩5分,JR埼京線「十条」駅より徒歩18分,なし,なし,あらゆる路線とクロスする都営三田線利用で都心へ快適アクセス,3140,3980,3140,3980,54.27㎡,64.56㎡,https://enq.nisshinfudosan.co.jp/form/fm/honsya/itabashihoncho,,2LDK,3LDK,,,,,,
2010/11/2,非表示,palace,パレステージ板橋,11月下旬分譲開始予定,http://www.palacestage.com/itabashi/,http://www.nisshinfudosan.co.jp/img/thumb/h22/itabashi_icon.gif,東京23区,東京都板橋区板橋一丁目11番,JR埼京線「板橋」駅より徒歩3分,都営三田線「新板橋」駅より徒歩5分,東武東上線「下板橋」駅より徒歩5分,なし,板橋駅より徒歩３分。生活に便利な生活施設が徒歩１０分圏内に充実,3190,4030,3190,4030,47.58㎡,57.14㎡,https://enq.nisshinfudosan.co.jp/form/fm/honsya/itabashi,,1LDK＋S,1LDK＋S,,,,,,
2010/10/22,非表示,palace,日神パレステージ武蔵小金井,11月中旬分譲開始予定,http://www.nisshinfudosan.co.jp/musashikoganei/,http://www.nisshinfudosan.co.jp/img/thumb/h22/musashikoganei_icon.gif,東京都下,東京都小金井市本町一丁目7番,JR中央線「武蔵小金井」駅より徒歩4分,なし,なし,なし,駅前の大規模な再開発で生まれ変わったJR中央線「武蔵小金井」駅,3570,3730,3570,3730,55.26㎡,55.34㎡,https://enq.nisshinfudosan.co.jp/form/fm/honsya/musashikoganei,,1LDK＋S,2LDK,,,,,,
2010/10/22,非表示,palace,日神パレステージ三ノ輪,11月中旬分譲開始予定,http://www.nisshinfudosan.co.jp/minowa/,http://www.nisshinfudosan.co.jp/img/thumb/h22/minowa_icon.gif,東京23区,東京都台東区竜泉三丁目14番,東京メトロ日比谷線「三ノ輪」駅より徒歩6分,東京メトロ日比谷線「入谷」駅より徒歩9分,なし,なし,2駅利用可能で主要駅へダイレクトアクセス,3450,3450,3450,3450,54.52㎡,54.52㎡,https://enq.nisshinfudosan.co.jp/form/fm/honsya/minowa,,2LDK,2LDK,,,,,,
2010/10/22,非表示,palace,日神パレステージ戸部,11月中旬分譲開始予定,http://www.nisshinfudosan.co.jp/tobe/,http://www.nisshinfudosan.co.jp/img/thumb/h22/tobe_icon.gif,神奈川,神奈川県横浜市西区中央一丁目43番17,京浜急行線「戸部」駅より徒歩7分,JR線「横浜」駅より徒歩18分,相模鉄道線「平沼橋」駅より徒歩7分,なし,横浜駅やみなとみらいへ気軽に行ける、横浜を満喫できるロケーションに誕生,3020,3120,3020,3120,54.40㎡,55.51㎡,https://enq.nisshinfudosan.co.jp/form/fm/honsya/tobe,,1LDK＋S,2LDK,,,,,,
2010/9/17,非表示,palace,日神パレステージ宮崎台Ⅱ,先着順受付中,http://www.nisshinfudosan.co.jp/miyazakidai2/,http://www.nisshinfudosan.co.jp/img/thumb/h22/miyazakidai2_icon.gif,神奈川,神奈川県川崎市高津区下作延三丁目24番40,東急田園都市線「宮崎台」駅より徒歩8分,なし,なし,なし,田園都市線「宮崎台」駅から半蔵門線乗り入れで都心へ快適アクセス,3860,3860,3860,3860,60.26㎡,60.26㎡,https://enq.nisshinfudosan.co.jp/form/fm/honsya/miyazakidai2,,3LDK,3LDK,,,,,,
2010/9/17,非表示,palace,日神パレステージさいたま新都心,10月中旬分譲開始予定,http://www.nisshinfudosan.co.jp/saitamashintoshin/,http://www.nisshinfudosan.co.jp/img/thumb/h22/saitamashintoshin_icon.gif,埼玉,埼玉県さいたま市大宮区天沼町二丁目,JR京浜東北線「さいたま新都心」駅より徒歩14分,JR宇都宮線・高崎線「さいたま新都心」駅より徒歩14分,なし,なし,駅前には映画館や大型商業施設が揃うさいたま新都心,3070,3400,3070,3400,63.63㎡,63.74㎡,https://enq.nisshinfudosan.co.jp/form/fm/honsya/saitamashintoshin,,3LDK,3LDK,,,,,,
2010/9/17,非表示,palace,日神パレステージ大和,10月中旬分譲開始予定,http://www.nisshinfudosan.co.jp/yamato/,http://www.nisshinfudosan.co.jp/img/thumb/h22/yamato_icon.gif,神奈川,神奈川県大和市中央四丁目3番,小田急江ノ島線「大和」駅より徒歩4分,相模鉄道線「大和」駅より徒歩4分,なし,なし,「大和」駅へ徒歩４分。2路線利用で都心へダイレクトアクセス,2920,3010,2920,3010,62.50㎡,62.50㎡,https://enq.nisshinfudosan.co.jp/form/fm/honsya/yamato,,3LDK,3LDK,,,,,,
2010/8/31,非表示,duo1,日神デュオステージ王子,9月中旬分譲開始予定,http://www.nisshinfudosan.co.jp/oji/,http://www.nisshinfudosan.co.jp/img/thumb/h22/oji_icon.gif,東京23区,東京都北区王子本町二丁目1番,東京メトロ南北線「王子」駅より徒歩7分,JR京浜東北線「王子」駅より徒歩8分,JR埼京線「十条」駅より徒歩13分,なし,3駅4路線利用で新宿駅・上野駅・渋谷駅に直通の軽快なフットワーク,2110,2380,2110,2380,30.00㎡,32.30㎡,https://enq.nisshinfudosan.co.jp/form/fm/honsya/oji,,1DK,1DK,,,,,,
2010/8/6,非表示,palace,日神パレステージ巣鴨,先着順受付中,http://www.nisshinfudosan.co.jp/sugamo/,http://www.nisshinfudosan.co.jp/img/thumb/h22/sugamo_icon.gif,東京23区,東京都豊島区南大塚一丁目30番25,JR山手線「巣鴨」駅より徒歩7分,東京メトロ丸ノ内線「新大塚」駅より徒歩14分,都営三田線「巣鴨」駅より徒歩7分,なし,山手線内側の立地。2駅3路線利用可で都心へダイレクトアクセス,2340,2380,2340,2380,30.08㎡,30.08㎡,https://enq.nisshinfudosan.co.jp/form/fm/honsya/sugamo,,Studio,Studio,,,,,,
2010/8/6,表示,palace,日神パレステージ阪東橋Ⅱ,先着順受付中,http://www.nisshinfudosan.co.jp/bandobashi2/,http://www.nisshinfudosan.co.jp/img/thumb/h22/bandobashi2_icon.gif,神奈川,神奈川県横浜市南区高根町三丁目17番9,横浜市営地下鉄ブルーライン「阪東橋」駅より徒歩2分,京浜急行本線「黄金町」駅より徒歩5分,なし,なし,阪東橋駅へ徒歩2分のエキチカな立地,3140,3140,3140,3140,55.28㎡,55.28㎡,https://enq.nisshinfudosan.co.jp/form/fm/honsya/bandobashi2,,2LDK,2LDK,,,,,,
2010/8/6,表示,palace,日神パレステージ田原町,先着順受付中,http://www.nisshinfudosan.co.jp/tawaramachi/,http://www.nisshinfudosan.co.jp/img/thumb/h22/tawara_icon.gif,東京23区,東京都台東区元浅草四丁目1番14,東京メトロ銀座線「田原町」駅より徒歩4分,JR線「上野」駅より徒歩15分,都営大江戸線「新御徒町」駅より徒歩9分,都営浅草線「浅草」駅より徒歩10分,田原町駅を初め、複数路線が利用できる立地,2240,2420,2240,2420,34.41㎡,34.41㎡,https://enq.nisshinfudosan.co.jp/form/fm/honsya/tawaramachi,,1LDK,1LDK,,,,,,
2010/8/6,表示,palace,日神パレステージ武蔵関,先着順受付中,http://www.nisshinfudosan.co.jp/musashiseki/,http://www.nisshinfudosan.co.jp/img/thumb/h22/musashiseki_icon.gif,東京23区,東京都練馬区関町北五丁目8番,西武新宿線「武蔵関」駅より徒歩11分,西武新宿線「東伏見」駅より徒歩9分,なし,なし,商店街や教育・医療施設などが生活圏内に揃う立地,2610,3660,2610,3660,42.70㎡,62.01㎡,https://enq.nisshinfudosan.co.jp/form/fm/honsya/musashiseki,,1LDK,1LDK＋S,,,,,,
2010/7/22,表示,duo2,日神デュオステージ浅草Ⅱ,先着順受付中,http://www.nisshinfudosan.co.jp/asakusa/,http://www.nisshinfudosan.co.jp/img/thumb/h22/asakusa_icon.gif,東京23区,東京都台東区千束一丁目7番3,つくばエクスプレス線「浅草」駅より徒歩7分,東京メトロ日比谷線「入谷」駅より徒歩8分,東京メトロ銀座線「田原町」駅より徒歩13分,なし,4駅4路線利用可能で都心へ軽快なアクセス,2740,2800,2740,2800,35.00㎡,40.00㎡,https://enq.nisshinfudosan.co.jp/form/fm/honsya/asakusa2,,1DK,1DK,,,,,,
2010/4/22,表示,palace,日神パレステージ田端,先着順受付中,http://www.nisshinfudosan.co.jp/tabata/,http://www.nisshinfudosan.co.jp/img/thumb/h22/tabata_icon.gif,東京23区,東京都荒川区西尾久四丁目25番,JR高崎線「尾久」駅より徒歩5分,JR山手線「田端」駅より徒歩13分,都電荒川線「荒川遊園地前」駅より徒歩9分,なし,明るい日差しと風通しが心地よい全戸南西向きプラン,1880,1880,1880,1880,30.40㎡,30.40㎡,https://enq.nisshinfudosan.co.jp/form/fm/honsya/tabata,,1DK,1DK,,,,,,
2010/4/22,表示,palace,日神パレステージ三ノ輪竜泉,先着順受付中,http://www.nisshinfudosan.co.jp/minowa_ryusen/,http://www.nisshinfudosan.co.jp/img/thumb/h22/minowa_ryusen_icon.gif,東京23区,東京都台東区竜泉三丁目37番,東京メトロ日比谷線「三ノ輪」駅より徒歩6分,JR常磐線「南千住」駅より徒歩14分,つくばエクスプレス線「南千住」駅より徒歩14分,なし,ビジネスにしショッピングにレジャーに、毎日が便利な住環境,3440,3850,3440,3850,54.04㎡,60.06㎡,https://enq.nisshinfudosan.co.jp/form/fm/honsya/minowa_ryusen,,2LDK,3LDK,,,,,,
2010/4/22,表示,palace,日神パレステージ八広,先着順受付中,http://www.nisshinfudosan.co.jp/yahiro/,http://www.nisshinfudosan.co.jp/img/thumb/h22/yahiro_icon.gif,東京23区,東京都墨田区八広五丁目14番,京成押上線「八広」駅より徒歩2分,東武伊勢崎線[東向島」駅より徒歩10分,なし,なし,「八広」駅まで徒歩２分。生活利便性にも優れた好立地,2590,2590,2590,2590,40.52㎡,40.52㎡,https://enq.nisshinfudosan.co.jp/form/fm/honsya/yahiro,,1LDK,1LDK,,,,,,
2010/3/30,表示,duo3,日神デュオステージ国領,先着順受付中,http://www.nisshinfudosan.co.jp/kokuryo/,http://www.nisshinfudosan.co.jp/img/thumb/h22/kokuryo_icon.gif,東京都下,東京都調布市国領町1丁目32番地6,京王線「国領」駅より徒歩4分,京王線「布田」駅より徒歩6分,なし,なし,新宿、渋谷へ。京王線で主要スポットへ軽快アクセス,2270,2480,2270,2480,30.64㎡,30.64㎡,https://enq.nisshinfudosan.co.jp/form/fm/honsya/kokuryo,,1DK,1DK,,,,,,
2010/3/30,表示,duo4,日神デュオステージ蕨,先着順受付中,http://www.nisshinfudosan.co.jp/warabi/,http://www.nisshinfudosan.co.jp/img/thumb/h22/warabi_icon.gif,埼玉,埼玉県蕨市中央3丁目21番1,JR京浜東北線「蕨」駅より徒歩6分,なし,なし,なし,生活に便利な様々なお店が揃う、蕨駅徒歩6分の立地,1900,1900,1900,1900,30.67㎡,30.67㎡,https://enq.nisshinfudosan.co.jp/form/fm/honsya/warabi,,1DK,1DK,,,,,,
2010/2/12,表示,duo5,日神デュオステージ祖師ヶ谷大蔵,先着順受付中,http://www.nisshinfudosan.co.jp/soshigaya_okura/,http://www.nisshinfudosan.co.jp/img/thumb/h21/soshigaya_okura_icon.gif,東京23区,東京都世田谷区大蔵一丁目2番24,小田急小田原線「祖師ヶ谷大蔵」駅より徒歩19分,東急田園都市線「用賀」駅より徒歩22分,小田急小田原線「千歳船橋」駅より徒歩19分,なし,世田谷らしい成熟した街並みの落ち着いた住環境,2440,2510,2440,2510,30.07㎡,30.07㎡,https://enq.nisshinfudosan.co.jp/form/fm/honsya/soshigaya_okura,,１ＤＫ,1LDK,,,,,,
2010/2/12,非表示,duo6,日神デュオステージ蓮根,棟内モデルルーム公開中(予約制),http://www.nisshinfudosan.co.jp/hasune/,http://www.nisshinfudosan.co.jp/img/thumb/h21/hasune_icon.gif,東京23区,東京都板橋区東坂下二丁目20番6,都営三田線「蓮根」駅より徒歩10分,JR埼京線「浮間舟渡」駅より徒歩13分,なし,なし,２路線を自在に使い、主要エリアへダイレクトにアクセス,2060,2080,2060,2080,30.01㎡,30.03㎡,https://enq.nisshinfudosan.co.jp/form/fm/honsya/hasune,,1DK,1DK,,,,,,
2010/2/10,非表示,duo7,日神デュオステージ六郷土手,現地モデルルーム公開中（予約制）,http://www.nisshinfudosan.co.jp/rokugodote/,http://www.nisshinfudosan.co.jp/img/thumb/h22/rokugodote_icon.gif,東京23区,東京都大田区仲六郷四丁目12番3,京浜急行本線「六郷土手」駅より徒歩4分,なし,なし,なし,品川、横浜、羽田へ10分圏内の快適なポジション,2280,2280,2280,2280,30.11㎡,30.11㎡,https://enq.nisshinfudosan.co.jp/form/fm/honsya/rokugodote,,1DK,1DK,,,,,,
2009/11/6,非表示,duo8,日神デュオステージ浅草松が谷,現地モデルルーム公開中（予約制）,http://www.duostage.com/asakusa_matsugaya/,http://www.nisshinfudosan.co.jp/img/thumb/h21/asakusa_matsugaya_icon.gif,東京23区,東京都台東区松が谷二丁目27番9,つくばエクスプレス線「浅草」駅より徒歩6分,JR線「上野」駅より徒歩12分,東京メトロ銀座線「田原町」駅より徒歩11分,東京メトロ日比谷線「入谷」駅より徒歩11分,上野と浅草の真ん中に位置し、どちらの街の良さも享受できる立地,2960,2960,2960,2960,40.04㎡,40.04㎡,https://enq.nisshinfudosan.co.jp/form/fm/honsya/asakusa_matsugaya,,1LDK,1LDK,,,,,,
2009/11/6,非表示,duo,日神デュオステージ浅草三筋,現地モデルルーム公開中（予約制）,http://www.duostage.com/asakusa_misuji/,http://www.nisshinfudosan.co.jp/img/thumb/h21/asakusa_misuji_icon.gif,東京23区,東京都台東区三筋一丁目10番5,都営大江戸線「新御徒町」駅より徒歩5分,JR総武線「浅草橋」駅より徒歩10分,都営浅草線「蔵前」駅より徒歩8分,JR山手線「御徒町」駅より徒歩15分,６駅８路線利用可能で都心へのアクセス自由自在,2550,2550,2550,2550,30.00㎡,30.00㎡,https://enq.nisshinfudosan.co.jp/form/fm/honsya/asakusa_misuji,,1DK,1DK,,,,,,
2009/10/8,非表示,duo,日神デュオステージ常盤台銀座,現地モデルルーム公開中(予約制),http://www.duostage.com/tokiwadai_ginza/,http://www.nisshinfudosan.co.jp/img/thumb/h21/tokiwadai_ginza_icon.gif,東京23区,東京都板橋区南常盤台一丁目30番7,東武東上線「ときわ台」駅より徒歩2分,なし,なし,なし,「池袋」「新宿」駅へ15分圏内のスピーディーなアクセス,2410,2420,2410,2420,30.00㎡,30.00㎡,https://enq.nisshinfudosan.co.jp/form/fm/honsya/tokiwadai_ginza,,1DK,1DK,,,,,,
2009/7/17,非表示,duo,日神デュオステージ大島,棟内モデルルーム公開中,http://www.duostage.com/ojima/,http://www.nisshinfudosan.co.jp/img/thumb/h21/ojima_icon.gif,東京23区,東京都江東区大島三丁目32番9,都営新宿線「大島」駅より徒歩3分,JR総武線「亀戸」駅より徒歩14分,都営新宿線「西大島」駅より徒歩6分 ,なし,新宿へ直通18分と主要エリアにスピーディにアクセス可能,2870,2960,2870,2960,30.71㎡,30.71㎡,https://enq.nisshinfudosan.co.jp/form/fm/honsya/ojima,,1DK,1DK,,,,,,
2009/6/12,非表示,palace,日神パレステージ小作,現地モデルルーム公開中,http://www.nisshinfudosan.co.jp/ozaku/,http://www.nisshinfudosan.co.jp/img/thumb/h21/ozaku_icon.gif,東京都下,東京都羽村市小作台五丁目13番1,JR青梅線「小作」駅より徒歩2分,なし,なし,なし,白を基調とした優美で明るいエントランスホール,2900,3810,2900,3810,54.00㎡,73.33㎡,https://enq.nisshinfudosan.co.jp/form/fm/honsya/ozaku,,1LDK＋S,3LDK＋DEN,,,,,,
2008/12/26,非表示,duo,日神デュオステージ押上,先着順受付中,http://www.duostage.com/oshiage/,http://www.nisshinfudosan.co.jp/img/thumb/h20/oshiage_icon.gif,東京23区,東京都墨田区京島二丁目9番,京成押上線「京成曳舟」駅より徒歩7分,東京メトロ半蔵門線「押上」駅より徒歩10分,東武伊勢崎線「曳舟」駅より徒歩8分,都営浅草線「押上」駅より徒歩10分,徒歩10分圏内で3駅5路線利用可能な好立地,2750,2760,2750,2760,40.02㎡,40.02㎡,https://enq.nisshinfudosan.co.jp/form/fm/honsya/oshiage,,1LDK,1LDK,,,,,,
2008/12/25,非表示,duo,日神デュオステージ両国,先着順受付中,http://www.duostage.com/ryogoku/,http://www.nisshinfudosan.co.jp/img/thumb/h20/ryogoku_icon.gif,東京23区,東京都墨田区本所一丁目7番1,都営大江戸線「両国」駅より徒歩6分,都営浅草線「蔵前」駅より徒歩10分,JR総武線「両国」駅より徒歩13分,都営大江戸線「蔵前」駅より徒歩6分,4駅3路線利用可能でビジネスもレジャーも思いのまま,2550,2660,2550,2660,30.27㎡,35.63㎡,https://enq.nisshinfudosan.co.jp/form/fm/honsya/ryogoku,,1DK,1DK,,,,,,
2008/12/25,非表示,duo,日神デュオステージ板橋,先着順受付中,http://www.duostage.com/itabashi/,http://www.nisshinfudosan.co.jp/img/thumb/h20/itabashi_icon.gif,東京23区,東京都板橋区板橋一丁目49番6,都営三田線「新板橋」駅より徒歩3分,JR埼京線「板橋」駅より徒歩4分,東武東上線「下板橋」駅より徒歩7分,なし,3駅3路線が徒歩7分圏内に集中する好立地,2320,2420,2320,2420,30.03㎡,30.08㎡,https://enq.nisshinfudosan.co.jp/form/fm/honsya/itabashi,,1DK,1DK,,,,,,
2008/12/25,表示,duo,日神デュオステージ浅草今戸,先着順受付中,http://www.duostage.com/asakusa_imado,http://www.nisshinfudosan.co.jp/img/thumb/h20/asakusa_imado_icon.gif,東京23区,東京都台東区今戸二丁目10番1,東武伊勢崎線「浅草」駅より徒歩15分,東京メトロ銀座線「浅草」駅より徒歩16分,都営浅草線「浅草」駅より徒歩19分,なし,全10タイプの間取りプランは全戸明るい南向き,2140,2200,2140,2200,30.32㎡,30.32㎡,https://enq.nisshinfudosan.co.jp/form/fm/honsya/asakusa_imado,,1DK,1LDK,,,,,,
2008/12/25,表示,duo,日神デュオステージ北浦和,先着順受付中,http://www.nisshinfudosan.co.jp/kitaurawa/,http://www.nisshinfudosan.co.jp/img/thumb/h20/kitaurawa_icon.gif,埼玉,埼玉県さいたま市浦和区常磐三丁目23番3,JR京浜東北線「北浦和」駅より徒歩6分,なし,なし,なし,上野へ21分、池袋へ25分と主要都市にスピーディにアクセス可能。,2170,2170,2170,2170,33.18㎡,33.18㎡,https://enq.nisshinfudosan.co.jp/form/fm/honsya/kitaurawa,,1DK,1DK,,,,,,
2008/12/22,表示,duo,日神デュオステージ新中野,先着順受付中,http://www.shinnaka-style.com/,http://www.nisshinfudosan.co.jp/img/thumb/h20/shinnakano_icon.gif,東京23区,東京都中野区中央五丁目17番1,東京メトロ丸ノ内線「新中野」駅より徒歩6分,JR中央線・総武線「中野」駅より徒歩13分,東京メトロ丸ノ内線「東高円寺」駅より徒歩6分,東京メトロ東西線「中野」駅より徒歩13分,3駅4路線利用可能で、都心へのアクセスも抜群。,3580,3660,3580,3660,44.83㎡,44.83㎡,https://enq.nisshinfudosan.co.jp/form/fm/honsya/shinnakano,,1LDK,1LDK,,,,,,
2008/10/17,表示,duo,日神デュオステージ王子神谷,棟内モデルルーム公開中,http://www.duostage.com/ojikamiya/,http://www.nisshinfudosan.co.jp/img/thumb/h20/ojikamiya_icon.gif,東京23区,東京都北区王子五丁目8番1,東京メトロ南北線「王子神谷」駅より徒歩2分,JR京浜東北線「東十条」駅より徒歩13分,なし,なし,駅徒歩２分の立地に暮らしながらも自然と共存するロケーション,2380,2630,2380,2630,30.06㎡,30.20㎡,https://enq.nisshinfudosan.co.jp/form/fm/honsya/ojikamiya,,1DK,1DK,,,,,,
2008/10/1,表示,palace,日神パレステージ横濱鶴見フォレスト,棟内モデルルーム公開中,http://www.tsurumi-forest.com/,http://www.nisshinfudosan.co.jp/img/thumb/h20/tsurumi_icon.gif,神奈川,横浜市鶴見区東寺尾中台33番1,JR京浜東北線「鶴見」駅より徒歩19分,なし,なし,なし,閑静で上質な住宅街に溶け込む地上5階建の低層フォルム,4030,4030,4030,4030,74.56㎡,74.56㎡,https://enq.nisshinfudosan.co.jp/form/fm/yokohama/yokohama_tsurumi,,3LDK,3LDK,,,,,,
2008/9/27,表示,duo,デュオシティ鵜の木,現地内覧可（予約制）,http://www.nisshinfudosan.co.jp/duocity_unoki/,http://www.nisshinfudosan.co.jp/img/thumb/h20/unoki_icon.gif,東京23区,東京都大田区鵜の木一丁目16番13,東急多摩川線「鵜の木」駅より徒歩3分,東急池上線「久が原」駅より徒歩11分,なし,なし,駅徒歩３分でありながら落ち着いて暮らせる恵まれた住環境,3090,4290,3090,4290,30.29㎡,40.51㎡,https://enq.nisshinfudosan.co.jp/form/fm/honsya/unoki,,1DK,1LDK,,,,,,
2008/9/27,表示,duo,デュオシティ大森町,現地内覧可（予約制）,http://www.nisshinfudosan.co.jp/omorimachi/,http://www.nisshinfudosan.co.jp/img/thumb/h20/omorimachi_icon.gif,東京23区,東京都大田区大森中二丁目14番13,京浜急行本線「大森町」駅より徒歩9分,JR京浜東北線「大森」駅よりバス11分「弁天神社」停留所より徒歩2分,京浜急行本線「梅屋敷」駅より徒歩9分,なし,通勤、通学、レジャー等幅広いニーズに対応するマルチアクセス,2920,3600,2920,3600,30.72㎡,46.47㎡,https://enq.nisshinfudosan.co.jp/form/fm/honsya/oomorimachi,,Studio,1LDK,,,,,,
2008/8/22,表示,duo,日神デュオステージ三ツ沢公園,先着順受付中,http://www.duostage.com/mitsuzawakoen/,http://www.nisshinfudosan.co.jp/img/thumb/h20/mitsuzawakoen_icon.gif,神奈川,神奈川県横浜市神奈川区三ツ沢西町7番40,横浜市営地下鉄3号線「三ツ沢上町」駅より徒歩5分,なし,なし,なし,最寄り駅より徒歩5分、「横浜」駅へ直通4分の快適な立地,2390,3220,2390,3220,30.26㎡,45.13㎡,https://enq.nisshinfudosan.co.jp/form/fm/yokohama/mitsuzawakoen,,1LDK,1LDK,,,,,,
2008/8/8,表示,duo,日神デュオステージ浅草,先着順受付中,http://www.duostage.com/asakusa/,http://www.nisshinfudosan.co.jp/img/thumb/h20/duoasakusa_icon.gif,東京23区,東京都台東区西浅草二丁目12番1,つくばエクスプレス線「浅草」駅より徒歩3分,東京メトロ銀座線「田原町」駅より徒歩4分,都営浅草線「浅草」駅より徒歩9分,都営大江戸線「蔵前」駅より徒歩11分,浅草寺やかっぱ橋道具街などの名所が徒歩圏内,2920,3540,2920,3540,30.21㎡,40.19㎡,https://enq.nisshinfudosan.co.jp/form/fm/honsya/asakusa,,1DK,1LDK,,,,,,
2008/8/8,表示,duo,日神デュオステージ蔵前NEXT,先着順受付中,http://www.duostage.com/kuramae_next/,http://www.nisshinfudosan.co.jp/img/thumb/h20/kuramae_next_icon.gif,東京23区,東京都台東区蔵前四丁目23番7,都営浅草線「蔵前」駅より徒歩4分,都営大江戸線「蔵前」駅より徒歩5分,東京メトロ銀座線「田原町」駅より徒歩8分,JR総武線「浅草橋」駅より徒歩13分,4駅5路線利用可能。充実の都心ライフを叶えます,2830,3580,2830,3580,30.35㎡,40.98㎡,https://enq.nisshinfudosan.co.jp/form/fm/honsya/kuramae_next,,1DK,1LDK,,,,,,
2008/8/8,非表示,duo,日神デュオステージ練馬北町,先着順受付中,http://www.duostage.com/nerima_kitamachi/,http://www.nisshinfudosan.co.jp/img/thumb/h20/nerima_kita_icon.gif,東京23区,東京都練馬区北町一丁目44番27,東武東上線「上板橋」駅より徒歩10分,東武東上線「東武練馬」駅より徒歩10分,なし,なし,東武東上線「上板橋」駅、「東武練馬」駅の２駅利用可能,2400,2580,2400,2580,30.32㎡,30.32㎡,https://enq.nisshinfudosan.co.jp/form/fm/honsya/nerima_kitamachi,,1DK,1DK,,,,,,
2008/8/8,非表示,duo,日神デュオステージ三ノ輪,先着順受付中,http://www.duostage.com/minowa/,http://www.nisshinfudosan.co.jp/img/thumb/h20/minowa_icon.gif,東京23区,東京都台東区千束四丁目29番6,東京日比谷線「三ノ輪」駅より徒歩10分,つくばエクスプレス線「浅草」駅より徒歩11分,東京メトロ日比谷線「入谷」駅より徒歩12分,都電荒川線「三ノ輪橋」駅より徒歩14分,４駅３路線利用可能で都心へのアクセスが優れた立地,2470,2940,2470,2940,30.96㎡,40.97㎡,https://enq.nisshinfudosan.co.jp/form/fm/honsya/minowa,,1DK,1LDK,,,,,,
2008/7/31,非表示,palace,日神パレステージお花茶屋,棟内モデルルーム公開中,http://www.nisshinfudosan.co.jp/ohanajaya/,http://www.nisshinfudosan.co.jp/img/thumb/h20/ohanajaya_icon.gif,東京23区,東京都葛飾区立石五丁目18番20,京成本線「お花茶屋」駅より徒歩8分,京成押上線「立石」駅より徒歩11分,なし,なし,２駅２路線利用可の好アクセス。都心までも楽に出られる立地,3560,3560,3560,3560,55.83㎡,55.83㎡,https://enq.nisshinfudosan.co.jp/form/fm/honsya/ohanajaya,,2LDK,2LDK,,,,,,
2008/7/25,非表示,duo,日神デュオステージ新御徒町,棟内モデルルーム公開中,http://www.duostage.com/shin-okachimachi/,http://www.nisshinfudosan.co.jp/img/thumb/h20/shinokachimachi_icon.gif,東京23区,東京都台東区元浅草三丁目3番7,都営大江戸線、ＴＸ線「新御徒町」駅より徒歩5分,東京メトロ銀座線「稲荷町」駅より徒歩10分,JR山手線、京浜東北線「御徒町」駅より徒歩14分,なし,徒歩圏に6駅7路線利用可能なマルチアクセス,2880,3620,2880,3620,30.30㎡,40.51㎡,https://enq.nisshinfudosan.co.jp/form/fm/honsya/shin-okachimachi,,1DK,1LDK,,,,,,
2008/7/10,非表示,duo,日神デュオステージ東向島,棟内モデルルーム公開中,http://www.duostage.com/higashimukojima/,http://www.nisshinfudosan.co.jp/img/thumb/h20/higashimukojima_icon.gif,東京23区,東京都墨田区堤通一丁目14番6,東武伊勢崎線「東向島」駅より徒歩12分,東武伊勢崎線[曳舟」駅より徒歩13分,東武亀戸線「曳舟」駅より徒歩13分,なし,全24タイプの多彩なプランバリエーションをご用意しております,2940,3700,2940,3700,40.59㎡,57.01㎡,https://enq.nisshinfudosan.co.jp/form/fm/honsya/higashimukojima,,1DK,2LDK,,,,,,
2008/7/2,非表示,palace,日神パレステージ青梅住江町,棟内モデルルーム公開中,http://www.nisshinfudosan.co.jp/ome_sumiecho/,http://www.nisshinfudosan.co.jp/img/thumb/h20/ome_icon.gif,東京都下,東京都青梅市住江町42番地の8,JR青梅線「青梅」駅より徒歩4分,なし,なし,なし,独立性を守り、広々とした配置で角住戸率68％を確保,3080,3430,3080,3430,67.10㎡,67.52㎡,https://enq.nisshinfudosan.co.jp/form/fm/honsya/ome_sumiecyo,,3LDK,3LDK,,,,,,
2008/5/7,非表示,duo,日神デュオステージ大森西,先着順受付中,http://www.omori-color.jp/,http://www.nisshinfudosan.co.jp/img/thumb/h20/omorinishi_icon.gif,東京23区,東京都大田区大森西一丁目10番10,京浜急行本線「平和島」駅より徒歩13分,JR京浜東北線「大森」駅より徒歩16分,なし,なし,最寄り駅から他線への連係がスムーズな好立地,2490,3470,2490,3470,26.39㎡,43.20㎡,https://enq.nisshinfudosan.co.jp/form/fm/yokohama/omorinishi,,Studio,1LDK,,,,,,
2008/4/21,非表示,palace,日神パレステージ吹上,棟内モデルルーム公開中（予約制）,http://www.nisshinfudosan.co.jp/fukiage/,http://www.nisshinfudosan.co.jp/img/thumb/h20/fukiage_icon.gif,埼玉,埼玉県鴻巣市吹上本町四丁目12番7,JR高崎線「吹上」駅より徒歩4分,なし,なし,なし,駅徒歩4分の好立地、生活施設も充実した恵まれた住環境,2280,2760,2280,2760,76.14㎡,84.95㎡,https://enq.nisshinfudosan.co.jp/form/fm/oomiya/hukiage,,3LDK,3LDK,,,,,,
2008/2/27,非表示,palace,日神パレステージ鳩ヶ谷,マンションギャラリー公開中,http://sakurabato.com/,http://www.nisshinfudosan.co.jp/img/thumb/h20/hatogaya_icon.gif,埼玉,埼玉県鳩ヶ谷市本町四丁目1番8号,埼玉高速鉄道線「鳩ヶ谷」駅より徒歩8分,なし,なし,なし,明るく開放感溢れる高台で爽やかな陽射しや桜が望める生活,3110,4090,3110,4090,66.90㎡,80.35㎡,https://enq.nisshinfudosan.co.jp/form/fm/oomiya/hatogaya,,1LDK＋S＋DEN,2LDK＋S+DEN,,,,,,
2007/12/10,非表示,palace,日神パレステージ河辺南,モデルルーム公開中,http://www.kabe-monogatari.com/,http://www.nisshinfudosan.co.jp/img/thumb/h19/kabe_icon.gif,東京都下,東京都青梅市河辺町四丁目21番10,JR青梅線「河辺」駅より徒歩6分,なし,なし,なし,駅前の充実な施設と緑溢れる自然とが調和した豊かな住環境,3290,3780,3290,3780,72.80㎡,79.20㎡,https://enq.nisshinfudosan.co.jp/form/fm/honsya/kabeminami,,2LDK＋S＋N,3LDK＋S,,,,,,
2007/11/30,表示,palace,日神パレステージ船橋海神,棟内モデルルーム公開中,http://www.f-kaijin.com/,http://www.nisshinfudosan.co.jp/img/thumb/h19/funabashi-kaijin_icon.gif,千葉,千葉県船橋市海神一丁目574番,JR総武線「船橋」駅より徒歩11分,東武野田線「船橋」駅より徒歩11分,京成本線「京成船橋」駅より徒歩10分,東葉高速線「東海神」駅より徒歩7分,明るく開放的な全住戸南東・南西向きの間取り,3340,3620,3340,3620,66.60㎡,69.48㎡,https://enq.nisshinfudosan.co.jp/form/fm/honsya/funabashi_kaijin,,2LDK＋S＋DEN,3LDK＋DEN,,,,,,
2007/11/1,表示,duo,日神デュオステージ大宮タウン,棟内モデルルーム公開中（予約制）,http://www.omiyatown.com/,http://www.nisshinfudosan.co.jp/img/thumb/h19/omiyatown_icon.gif,埼玉,埼玉県さいたま市大宮区宮町五丁目136番1,JR京浜東北線・埼京線・宇都宮線・高崎線・湘南新宿ライン・川越線,「大宮」駅より徒歩10分,なし,なし,新幹線も含め14路線を自由自在に使いこなせる好立地,2460,2740,2460,2740,40.05㎡,41.77㎡,https://enq.nisshinfudosan.co.jp/form/fm/oomiya/omiya_town,,LDK+SR,1LDK,,,,,,
2007/10/11,表示,palace,日神パレステージ三山シャインプレイス,棟内モデルルーム公開中,http://www.iitokodori.jp/,http://www.nisshinfudosan.co.jp/img/thumb/h19/miyama_icon.gif,千葉,千葉県船橋市三山八丁目30番12,JR総武線「津田沼」駅よりバス19分「三山車庫」停留所より徒歩3分,京成本線「京成大久保」駅より徒歩25分,なし,なし,快適生活に嬉しいミストサウナや床暖房を標準装備,2488,2767,2488,2767,72.15㎡,84.20㎡,https://enq.nisshinfudosan.co.jp/form/fm/honsya/miyama_shineplace,,3LDK,3LDK,,,,,,
2007/11/1,表示,duo,日神デュオステージ町田,棟内モデルルーム公開中(予約制）,http://www.duostage.com/bukken/02/0490/,http://www.nisshinfudosan.co.jp/img/thumb/h19/machida_icon.gif,東京都下,東京都町田市金森1丁目373番1,ＪＲ横浜線「町田」駅より徒歩11分,小田急線「町田」駅より徒歩16分,,,小田急線とJR横浜線の2路線が利用可,2560,2590,2560,2590,35.19㎡,35.26㎡,https://enq.nisshinfudosan.co.jp/form/fm/yokohama/machida,,2Ｋ,2Ｋ,,,,,,
2007/10/9,表示,duo,日神デュオステージ中野坂上NEXT,新宿マンションギャラリー公開中,http://www.duostage.com/bukken/01/0489/,http://www.nisshinfudosan.co.jp/img/thumb/h19/nakanosakaue_icon.gif,東京23区,,東京メトロ丸ノ内線「中野坂上」駅より徒歩3分,都営地下鉄大江戸線「中野坂上」駅より徒歩3分 「東中野」駅より徒歩12分,JR中央・総武線「東中野」駅より徒歩12分,なし,,,,,,,,,,1DK,1DK,,,,,,
2007/9/27,表示,duo,日神デュオステージ船橋,現地内覧会開催中（予約制）,http://www.duostage.com/bukken/04/0488/,http://www.nisshinfudosan.co.jp/img/thumb/h19/funabashi_icon.gif,千葉,千葉県船橋市宮本一丁目1933番1,JR総武線「船橋」駅より徒歩10分,東武野田線「船橋」駅より徒歩10分,京成本線「京成船橋」駅より徒歩9分,なし,最寄りの「船橋」駅は、あらゆる大型商業施設が充実,2730,3010,2730,3010,40.04㎡,40.04㎡,https://enq.nisshinfudosan.co.jp/form/fm/honsya/funabashi,,1LDK,1LDK,,,,,,
2007/8/9,表示,duo,日神デュオステージ横須賀中央,モデルルーム公開中,http://www.duostage.com/bukken/02/0487/,http://www.nisshinfudosan.co.jp/img/thumb/h19/yokosukachuo_icon.gif,神奈川,神奈川県横須賀市小川町2番6,京浜急行本線「横須賀中央」駅より徒歩9分,なし,なし,なし,文化施設とショッピング施設が融合した豊かな生活環境,2310,2660,2310,2660,34.02㎡,39.61㎡,https://enq.nisshinfudosan.co.jp/form/fm/yokohama/yokosuka_chuo,,1DK,1LDK,,,,,,
2007/7/5,表示,duo,日神デュオステージ蒔田,横浜マンションギャラリー公開中（予約制）,http://www.statuslife.jp/,http://www.nisshinfudosan.co.jp/img/thumb/h19/maita_icon.gif,神奈川,,横浜市営地下鉄線「蒔田」駅より徒歩6分　「吉野町」駅より徒歩7分,なし,なし,なし,,,,,,,,,,1DK,1DK,,,,,,
2007/7/3,表示,palace,日神パレステージ籠原,棟内モデルルーム公開中(予約制),http://www.nisshinfudosan.co.jp/kagohara/,http://www.nisshinfudosan.co.jp/img/thumb/h19/kagohara_icon.gif,埼玉,埼玉県熊谷市新堀1145番地1,JR高崎線「籠原」駅より徒歩14分,なし,なし,なし,地球にも家族にも優しいオール電化採用で安心と快適な生活,1920,3260,1920,3260,75.94㎡,91.85㎡,https://enq.nisshinfudosan.co.jp/form/fm/oomiya/kagohara,,3LDK,4LDK,,,,,,
2007/6/14,表示,duo,日神デュオステージ大森町,新宿マンションギャラリー公開中,http://www.duostage.com/bukken/01/0484/,http://www.nisshinfudosan.co.jp/img/thumb/h19/omori-machi_icon.gif,東京23区,,京浜急行本線「大森町」駅より徒歩9分,京浜急行本線「梅屋敷」駅より徒歩9分,JR京浜東北線「大森」駅よりバス11分 「弁天神社」停留所より徒歩2分,なし,,,,,,,,,,Studio,1LDK,,,,,,
2007/6/11,非表示,duo,日神デュオステージ池上,新宿マンションギャラリー公開中,http://www.ikegami-style.com/,http://www.nisshinfudosan.co.jp/img/thumb/h19/ikegami_icon.gif,東京23区,東京都大田区池上1丁目25番13,東急池上線「池上」駅より徒歩10分,都営浅草線「西馬込」駅より徒歩19分,JR京浜東北線「蒲田」駅より徒歩21分,なし,商店街や池上本門寺など賑わいと温もりが調和した住環境,2970,3110,2970,3110,30.19㎡,30.35㎡,https://enq.nisshinfudosan.co.jp/form/fm/honsya/ikegami,,1DK,1DK,,,,,,
2007/2/28,非表示,palace,日神パレステージ東久留米WEST,棟内モデルルーム公開中(予約制),http://www.kurume-kirameku.com/,http://www.nisshinfudosan.co.jp/img/thumb/h19/kurumewest_icon.gif,東京都下,東京都東久留米市下里五丁目659番1,西武池袋線「東久留米」駅よりバス12分「西団地入口」停留所より徒歩3分,西武新宿線「花小金井」駅よりバス15分「西団地入口」停留所より徒歩3分,なし,なし,住戸の88%が南西・南東向きで光と風が家族を優しく包み込む,3510,4160,3510,4160,65.10㎡,76.04㎡,https://enq.nisshinfudosan.co.jp/form/fm/honsya/higashikurume_west,,3LDK,3LDK,,,,,,
2007/7/5,非表示,duo,日神デュオステージ亀戸,先着順受付中,http://www.duostage.com/bukken/04/0483/,http://www.nisshinfudosan.co.jp/img/thumb/h19/kameido_icon.gif,東京23区,,JR総武線「亀戸」駅より徒歩6分,東武亀戸線「亀戸」駅より徒歩6分,なし,なし,,,,,,,,,,1DK,1DK,,,,,,
2007/2/5,非表示,palace,日神パレステージ武蔵砂川,棟内モデルルーム公開中(予約制),http://www.musasuna.com/,http://www.nisshinfudosan.co.jp/img/thumb/h19/musashisunagawa_icon.gif,東京都下,東京都立川市一番町四丁目30番1他,西武拝島線「武蔵砂川」駅より徒歩10分,なし,なし,なし,大型ショッピング施設が徒歩圏に揃い明るく充実した住環境,3000,3430,3000,3430,68.26㎡,73.26㎡,https://enq.nisshinfudosan.co.jp/form/fm/honsya/musashisunagawa,,3LDK,3LDK＋DEN,,,,,,
2007/5/25,非表示,duo,日神デュオステージ大泉学園,先着順受付中,http://www.duostage.com/bukken/03/0481/,http://www.nisshinfudosan.co.jp/img/thumb/h19/oizumigakuen_icon.gif,東京23区,,西武池袋線「大泉学園」駅より徒歩10分,なし,なし,なし,,,,,,,,,,1DK,1DK,,,,,,
2007/5/22,非表示,duo,日神デュオステージ関内大通り公園,横浜マンションギャラリー公開中（予約制）,http://www.duostage.com/bukken/02/0480/,http://www.nisshinfudosan.co.jp/img/thumb/h19/kannaiod_icon.gif,神奈川,,JR根岸線「関内」駅より徒歩7分,横浜市営地下鉄線「伊勢佐木長者町」駅より徒歩1分,なし,なし,,,,,,,,,,1DK,1LDK,,,,,,
2006/12/11,非表示,palace,日神パレステージ三ツ池公園,棟内見学会開催中,http://www.nisshinfudosan.co.jp/mitsuikekoen/,http://www.nisshinfudosan.co.jp/img/thumb/h19/mitsuikekoen_icon.gif,神奈川,,京浜東北線「鶴見」駅よりバス11分 バス停「末吉小学校前」徒歩4分,なし,なし,なし,,,,,,,,,,2LDK＋S,4LDK,,,,,,
2007/3/19,非表示,duo,日神デュオステージ大宮浅間町,先着順受付中,http://www.duo-smilelife.com/,http://www.nisshinfudosan.co.jp/img/thumb/h19/omiya_sengencho_icon.gif,埼玉,,JR京浜東北線・埼京線・宇都宮線・高崎線・湘南新宿ライン・川越線「大宮」駅より徒歩12分,JR京浜東北線・宇都宮線・高崎線「さいたま新都心」駅より徒歩13分,なし,なし,,,,,,,,,,1DK,1LDK,,,,,,
2007/4/10,非表示,duo,日神デュオステージ川越新富町,先着順受付中,http://www.kawagoe-bigaku.com/,http://www.nisshinfudosan.co.jp/img/thumb/h19/kawagoe_icon.gif,埼玉,,西武新宿線「本川越」駅より徒歩5分,JR川越線「川越」駅より徒歩7分,東武東上線「川越」駅より徒歩7分,なし,,,,,,,,,,1DK,1DK,,,,,,
2006/11/18,非表示,palace,日神パレステージ熊谷,現地内覧可(予約制),http://www.nisshinfudosan.co.jp/kumagaya2/,http://www.nisshinfudosan.co.jp/img/thumb/h19/kumagaya2_icon.gif,埼玉,,JR高崎線「熊谷」駅より徒歩12分,なし,なし,なし,,,,,,,,,,2LDK+S+DEN,4LDK,,,,,,
2006/8/18,表示,palace,日神パレステージわらびリノプレイス,現地内覧可（予約制）,http://www.nisshinfudosan.co.jp/warabi/,http://www.nisshinfudosan.co.jp/img/thumb/h19/warabi_icon.gif,埼玉,,JR京浜東北線「蕨」駅より徒歩18分,なし,なし,なし,,,,,,,,,,3LDK,3LDK,,,,,,
2007/1/25,表示,palace,日神パレステージ西千葉春日マロニエの丘,棟内モデルルーム公開中,http://www.nisshinfudosan.co.jp/maronie/,http://www.nisshinfudosan.co.jp/img/thumb/h19/maronie_icon.gif,千葉,千葉県千葉市中央区春日二丁目4番6,JR総武線「西千葉」駅より徒歩4分,京成電鉄千葉線「西登戸」駅より徒歩5分,なし,なし,2駅2路線利用可能な快適アクセスで都市生活が自由自在,3410,3850,3410,3850,56.42㎡,70.51㎡,https://enq.nisshinfudosan.co.jp/form/fm/honsya/nishichiba_maronie,,1LDK＋S,3LDK,,,,,,
2006/7/15,表示,palace,日神パレステージ西千葉,現地内覧可（予約制）,http://www.nisshinfudosan.co.jp/nishichiba/,http://www.nisshinfudosan.co.jp/img/thumb/h19/nishichiba_icon.gif,千葉,,JR総武線「西千葉」駅より徒歩4分,京成電鉄千葉線「西登戸」駅より徒歩4分,なし,なし,,,,,,,,,,1LDK+S+DEN,2LDK,,,,,,
2007/5/10,表示,duo,日神デュオステージ大森,新宿マンションギャラリー公開中,http://www.duostage.com/bukken/01/0479/,http://www.nisshinfudosan.co.jp/img/thumb/h19/omori_icon.gif,東京23区,,JR京浜東北線「大森」駅より徒歩14分,京浜急行本線「平和島」駅より徒歩19分,都営浅草線「西馬込」駅より徒歩21分,なし,,,,,,,,,,1LDK,1LDK,,,,,,
2007/4/10,表示,duo,日神デュオステージ横浜青木町,なし,,http://www.nisshinfudosan.co.jp/images/new/yokohamaaoki_icon.gif,,,,,,,,,,,,,,,,,,,,,,,
2007/4/19,表示,duo,日神デュオステージ上板橋,なし,,http://www.nisshinfudosan.co.jp/images/new/kamiitabashi_icon.gif,,,,,,,,,,,,,,,,,,,,,,,
2007/2/2,表示,duo,日神デュオステージ関内,なし,,http://www.nisshinfudosan.co.jp/images/new/kannai_icon.gif,,,,,,,,,,,,,,,,,,,,,,,
2007/4/4,表示,duo,日神デュオステージ浅草橋,なし,,http://www.nisshinfudosan.co.jp/images/new/asakusabashi_icon.gif,,,,,,,,,,,,,,,,,,,,,,,
2007/1/26,表示,duo,日神デュオステージ田端,なし,http://www.tabatamonogatari.com/,http://www.nisshinfudosan.co.jp/images/new/tabatamonogatari_icon.gif,,,,,,,,,,,,,,,,,,,,,,,
2006/11/10,表示,palace,日神パレステージあきる野南,なし,,http://www.nisshinfudosan.co.jp/images/new/akirunominami_icon.gif,,,,,,,,,,,,,,,,,,,,,,,
2006/11/3,非表示,palace,日神パレステージ鴻巣中央,なし,http://www.nisshinfudosan.co.jp/fin/kounosu/index.html,http://www.nisshinfudosan.co.jp/images/new/kounosu_icon.gif,埼玉,,ＪＲ高崎線｢鴻巣｣駅より徒歩5分,なし,なし,なし,,,,,,,,,,2LDK+S,3LDK+DEN,,,,,,
2006/10/25,非表示,duo,日神デュオステージ御徒町,なし,,http://www.nisshinfudosan.co.jp/images/new/okachimachi_icon.gif,,,,,,,,,,,,,,,,,,,,,,,
2006/10/11,非表示,palace,日神パレステージ板橋,なし,http://www.nisshinfudosan.co.jp/fin/itabashi/index.html,http://www.nisshinfudosan.co.jp/images/new/itabashi_icon.gif,東京23区,,JR埼京線「板橋」駅より徒歩4分,東武東上線「北池袋」駅より徒歩6分,都営三田線「新板橋」駅より徒歩9分,なし,,,,,,,,,,2LDK,2LDK,,,,,,
2006/9/16,非表示,palace,日神パレステージ高井戸西,なし,,http://www.nisshinfudosan.co.jp/images/new/takaidonishi_icon.gif,,,,,,,,,,,,,,,,,,,,,,,
2006/8/18,非表示,palace,日神パレステージ秦野中央,なし,http://www.nisshinfudosan.co.jp/fin/hadano/index.html,http://www.nisshinfudosan.co.jp/images/new/hadano_icon.gif,神奈川,,小田急小田原線「秦野」駅より徒歩16分,なし,なし,なし,,,,,,,,,,3LDK,4LDK,,,,,,
2006/7/15,非表示,palace,日神パレステージ秋留野公園,なし,,http://www.nisshinfudosan.co.jp/images/new/akiruno_icon.gif,,,,,,,,,,,,,,,,,,,,,,,
2006/5/13,非表示,palace,日神パレステージ船橋南,なし,,http://www.nisshinfudosan.co.jp/images/new/funabashiminami_icon.jpg,,,,,,,,,,,,,,,,,,,,,,,
2006/5/12,非表示,palace,日神パレステージ堀ノ内コスタカーロ,なし,,http://www.nisshinfudosan.co.jp/images/new/horinouchi_caro_icon.gif,,,,,,,,,,,,,,,,,,,,,,,
2006/5/6,非表示,palace,日神パレステージ武蔵中原,なし,http://www.nisshinfudosan.co.jp/fin/musashinakahara/index.html,http://www.nisshinfudosan.co.jp/images/new/musashinakahara_icon.gif,神奈川,,JR南武線「武蔵中原」駅より徒歩8分,JR南武線「武蔵新城」駅より徒歩9分,なし,なし,,,,,,,,,,2LDK+S,3LDK,,,,,,
2006/4/29,非表示,palace,日神パレステージ新板橋,なし,http://www.nisshinfudosan.co.jp/fin/shinitabashi/index.html,http://www.nisshinfudosan.co.jp/images/new/shinitabashi_icon.gif,東京23区,,都営三田線「新板橋」駅より徒歩5分,JR埼京線「板橋」駅より徒歩6分,東武東上線「下板橋」駅より徒歩5分,なし,,,,,,,,,,LDK+S,LDK+S,,,,,,
2006/4/20,表示,palace,日神パレステージ大宮パルティール,なし,http://www.nisshinfudosan.co.jp/fin/omiya_partir/index.html,http://www.nisshinfudosan.co.jp/images/new/omiya_partir_icon.gif,埼玉,,ＪＲ京浜東北線・埼京線・宇都宮線・高崎線 大宮駅より徒歩6分,なし,なし,なし,,,,,,,,,,1LDK+S,3LDK,,,,,,
2006/4/20,表示,duo,日神デュオステージ横浜,なし,,http://www.nisshinfudosan.co.jp/images/new/yokohama_icon.gif,,,,,,,,,,,,,,,,,,,,,,,
2006/3/22,表示,duo,日神デュオステージ浅草国際通り,なし,,http://www.nisshinfudosan.co.jp/images/new/asakusa_kokusai_icon.gif,,,,,,,,,,,,,,,,,,,,,,,
2006/3/21,表示,palace,日神パレステージ板橋仲宿,なし,http://www.nisshinfudosan.co.jp/fin/itabashinakajyuku/index.html,http://www.nisshinfudosan.co.jp/images/new/itabashinakajuku_icon.gif,東京23区,,都営三田線「板橋区役所前」駅より徒歩5分,都営三田線「板橋本町」駅より徒歩10分,なし,なし,,,,,,,,,,3LDK,3LDK,,,,,,
2006/3/11,表示,palace,日神パレステージ堀ノ内コスタファーチェ,なし,http://www.nisshinfudosan.co.jp/fin/horinouchi/index.html,http://www.nisshinfudosan.co.jp/images/new/horinouchi_icon.gif,神奈川,,京浜急行本線「堀ノ内」駅より徒歩10分,なし,なし,なし,,,,,,,,,,3LDK,3LDK,,,,,,
2006/2/24,表示,duo,日神デュオステージ三ツ沢,なし,http://www.nisshinfudosan.co.jp/fin/mitsuzawa/index.html,http://www.nisshinfudosan.co.jp/images/new/mitsuzawa_icon.gif,神奈川,,横浜市営地下鉄3号線「三ツ沢下町」駅徒歩7分,東急東横線「反町」駅徒歩12分,なし,なし,,,,,,,,,,1LDK,1LDK,,,,,,
2006/1/14,表示,palace,日神パレステージ鴨居リヴェルス,なし,http://www.nisshinfudosan.co.jp/fin/kamoi/index.html,http://www.nisshinfudosan.co.jp/images/new/kamoi_icon.gif,神奈川,,JR横浜線「鴨居」駅徒歩12分,なし,なし,なし,,,,,,,,,,3LDK,3LDK,,,,,,
2006/1/12,表示,duo,日神デュオステージ代田橋和泉通り,なし,,http://www.nisshinfudosan.co.jp/images/new/daitabashi_icon.gif,,,,,,,,,,,,,,,,,,,,,,,
2006/1/5,表示,duo,日神デュオステージ浅草寿町,なし,,http://www.nisshinfudosan.co.jp/images/new/asakusa-kotobukicho_icon.gif,,,,,,,,,,,,,,,,,,,,,,,
2005/12/9,表示,duo,日神デュオステージ本牧,なし,,http://www.nisshinfudosan.co.jp/images/new/honmoku_icon.gif,,,,,,,,,,,,,,,,,,,,,,,
2005/12/9,非表示,palace,日神パレステージせんげん台,なし,,http://www.nisshinfudosan.co.jp/images/new/sengendai_icon.gif,,,,,,,,,,,,,,,,,,,,,,,
2005/12/9,非表示,duo,日神デュオステージ池袋,なし,,http://www.nisshinfudosan.co.jp/images/new/ikebukuro_icon.gif,,,,,,,,,,,,,,,,,,,,,,,
2005/10/17,非表示,duo,日神デュオステージ新宿外苑東通り,なし,,http://www.nisshinfudosan.co.jp/images/new/sghd_icon.jpg,,,,,,,,,,,,,,,,,,,,,,,
2005/10/15,非表示,palace,日神パレステージ愛甲石田ヴィジオール,なし,http://www.nisshinfudosan.co.jp/fin/aikouishida_vibg/index.html,http://www.nisshinfudosan.co.jp/images/new/aikoishida_vibg_icon.gif,神奈川,,小田急小田原線「愛甲石田」駅より徒歩6分,なし,なし,なし,,,,,,,,,,3LDK,3LDK,,,,,,
2005/10/8,非表示,palace,販売 日神パレステージ瑞江 東館・西館 ,なし,http://www.nisshinfudosan.co.jp/fin/mizue/index.html,http://www.nisshinfudosan.co.jp/images/new/mizue_icon.jpg,,,,,,,,,,,,,,,,,,,,,,,
2005/10/1,非表示,palace,日神パレステージ熊谷鎌倉町,なし,http://www.nisshinfudosan.co.jp/fin/kumagaya/index.html,http://www.nisshinfudosan.co.jp/images/new/kumagayakamakuracho_icon.gif,埼玉,,ＪＲ高崎線「熊谷」駅より徒歩12分,秩父鉄道「上熊谷」駅より徒歩3分,なし,なし,,,,,,,,,,3LDK,3LDK+DEN,,,,,,
2005/9/27,非表示,palace,日神パレステージ西巣鴨,なし,http://www.nisshinfudosan.co.jp/fin/nishisugamo/index.html,http://www.nisshinfudosan.co.jp/images/new/nishisugamo_icon.gif,東京23区,,都営三田線「西巣鴨」駅より徒歩5分、「巣鴨」駅より徒歩12分,JR山手線「巣鴨」駅より徒歩13分,都電荒川線「新庚申塚」駅より徒歩2分,なし,,,,,,,,,,1LDK,2LDK,,,,,,
2005/9/16,非表示,duo,日神デュオステージ高円寺,なし,,http://www.nisshinfudosan.co.jp/images/new/kouenji_icon.jpg,,,,,,,,,,,,,,,,,,,,,,,
2005/8/20,非表示,palace,日神パレステージ南浦和サウスフォート,なし,,http://www.nisshinfudosan.co.jp/images/new/minamiurawa_icon.jpg,,,,,,,,,,,,,,,,,,,,,,,
2005/8/1,非表示,palace,日神パレステージ東大和桜が丘,なし,http://www.nisshinfudosan.co.jp/fin/higashi_yamato/index.html,http://www.nisshinfudosan.co.jp/images/new/higashi_yamato_icon.gif,東京都下,,西武拝島線「玉川上水」駅より徒歩8分,多摩都市モノレール線「玉川上水」駅より徒歩8分,なし,なし,,,,,,,,,,2LDK,2LDK,,,,,,
2005/7/9,表示,palace,日神パレステージ与野中央,なし,http://www.nisshinfudosan.co.jp/fin/yono_chuou/index.html,http://www.nisshinfudosan.co.jp/images/new/yono.gif,埼玉,,京浜東北線「与野」駅より徒歩2分,なし,なし,なし,,,,,,,,,,,,,,,,,
2005/6/18,表示,palace,日神パレステージ北千住,なし,,http://www.nisshinfudosan.co.jp/images/new/kitasenju_icon.gif,,,,,,,,,,,,,,,,,,,,,,,
2005/6/18,表示,palace,日神パレステージ横須賀田浦,なし,,http://www.nisshinfudosan.co.jp/images/new/yokosukataura_icon.gif,,,,,,,,,,,,,,,,,,,,,,,
2005/5/28,表示,palace,日神パレステージ鴨宮,なし,http://www.nisshinfudosan.co.jp/fin/kamonomiya/index.html,http://www.nisshinfudosan.co.jp/images/new/kamonomiya_icon.gif,神奈川,,JR東海道線「鴨宮」駅より徒歩20分,なし,なし,なし,,,,,,,,,,2LDK,4LDK,,,,,,
2005/4/29,表示,palace,日神パレステージ拝島,なし,,http://www.nisshinfudosan.co.jp/images/new/haijima_icon.gif,,,,,,,,,,,,,,,,,,,,,,,
2005/4/28,表示,palace,日神パレステージ本厚木リバースクエア,なし,http://www.nisshinfudosan.co.jp/fin/hon-atsugi/index.html,http://www.nisshinfudosan.co.jp/images/new/hon-atsugi_icon.gif,神奈川,,小田急小田原線「本厚木」駅より徒歩11分,なし,なし,なし,,,,,,,,,,,,,,,,,
2005/4/23,表示,palace,日神パレステージ大宮中央,なし,http://www.nisshinfudosan.co.jp/fin/omiya/index.html,http://www.nisshinfudosan.co.jp/images/new/omiya.gif,埼玉,,JR京浜東北線・JR埼京線・JR宇都宮線・JR高崎線・JR川越線 東武野田線・埼玉新都市交通伊奈線「大宮」駅より徒歩7分,なし,なし,なし,,,,,,,,,,3LDK,3LDK+D,,,,,,
2005/4/22,表示,duo,日神デュオステージ浜田山,なし,,http://www.nisshinfudosan.co.jp/images/new/hamadayama_icon.gif,,,,,,,,,,,,,,,,,,,,,,,
2005/3/25,表示,palace,日神パレステージ聖蹟桜ヶ丘,なし,http://www.nisshinfudosan.co.jp/fin/sakuragaoka/index.html,http://www.nisshinfudosan.co.jp/images/new/sakuragaoka_icon.gif,東京都下,,京王線「聖蹟桜ヶ丘」駅より徒歩13分,なし,なし,なし,,,,,,,,,,3LDK,3LDK,,,,,,
2005/3/12,表示,palace,日神パレステージ茅ヶ崎,なし,,http://www.nisshinfudosan.co.jp/images/new/tigasaki_icon.gif,,,,,,,,,,,,,,,,,,,,,,,
2005/2/19,非表示,palace,日神パレステージ吾妻橋,なし,http://www.nisshinfudosan.co.jp/fin/azumabashi/index.html,http://www.nisshinfudosan.co.jp/images/top_ichiran/azumabashi_icon.gif,東京23区,,都営浅草線「本所吾妻橋」駅より徒歩2分,なし,なし,なし,,,,,,,,,,2LDK,2LDK,,,,,,
2005/1/17,非表示,palace,日神パレステージ中山,なし,http://www.nisshinfudosan.co.jp/fin/nakayama/index.html,http://www.nisshinfudosan.co.jp/images/new/nakayama_icon.gif,神奈川,,ＪＲ横浜線「中山」駅より徒歩15分,なし,なし,なし,,,,,,,,,,,,,,,,,
2005/1/10,非表示,duo,日神デュオステージ新宿若松町,なし,,http://www.nisshinfudosan.co.jp/images/new/mitsuikekoen_icon.gif,,,,,,,,,,,,,,,,,,,,,,,
2004/12/18,非表示,palace,日神パレステージ国領,なし,http://www.nisshinfudosan.co.jp/fin/kokuryou/index.html,http://www.nisshinfudosan.co.jp/images/new/kokuryou_icon.gif,東京都下,,京王線「柴崎」駅より徒歩13分　京王線「国領」駅より徒歩15分,なし,なし,なし,,,,,,,,,,3LDK,3LDK,,,,,,
2004/12/4,非表示,palace,日神パレステージ東武練馬台西館,なし,http://www.nisshinfudosan.co.jp/fin/tobunerimadai_w/index.html,http://www.nisshinfudosan.co.jp/images/new/tobu_nishi_icon.gif,東京23区,,東武東上線「東武練馬」駅より徒歩13分,なし,なし,なし,,,,,,,,,,1LDK+S,3LDK+W,,,,,,
2004/11/27,非表示,palace,日神パレステージ鶴川,なし,http://www.nisshinfudosan.co.jp/fin/tsurukawa/index.htm,http://www.nisshinfudosan.co.jp/images/new/nishikawaguchi_icon.gif,神奈川,,小田急小田原線「鶴川」駅より徒歩10分,なし,なし,なし,,,,,,,,,,2LDK＋S,2LDK＋S,,,,,,
2004/11/27,非表示,palace,日神パレステージ西川口グランアベニュー,なし,,http://www.nisshinfudosan.co.jp/images/new/nishikawaguchi_icon.gif,,,,,,,,,,,,,,,,,,,,,,,
2004/11/8,非表示,duo,日神デュオステージ板橋駅前,なし,,http://www.nisshinfudosan.co.jp/images/new/itabasi_ekimae_icon.gif,,,,,,,,,,,,,,,,,,,,,,,
2004/10/16,非表示,palace,日神パレステージ大宮シティ,なし,http://www.nisshinfudosan.co.jp/fin/omiya_city/index.html,http://www.nisshinfudosan.co.jp/images/new/omiya_city_icon.gif,埼玉,,,,,,,,,,,,,,,,,,,,,,
2004/10/9,非表示,palace,日神パレステージ東武練馬台東館,なし,http://www.nisshinfudosan.co.jp/fin/tobunerimadai/index.html,http://www.nisshinfudosan.co.jp/images/new/tobu_higashi_icon.gif,東京23区,,東武東上線「東武練馬」駅より徒歩13分,なし,なし,なし,,,,,,,,,,1LDK+S+W,3LDK,,,,,,
2004/10/9,表示,duo,日神デュオステージ西荻窪,なし,,http://www.nisshinfudosan.co.jp/images/new/nishiogi_icon.gif,,,,,,,,,,,,,,,,,,,,,,,
2004/10/9,表示,palace,日神パレステージ横須賀マリンスクエア,なし,,http://www.nisshinfudosan.co.jp/images/new/yokosukamarin_icon.gif,,,,,,,,,,,,,,,,,,,,,,,
2004/7/24,表示,palace,日神パレステージ千歳烏山,なし,http://www.nisshinfudosan.co.jp/fin/chitose/index.html,http://www.nisshinfudosan.co.jp/images/new/chitose_icon.gif,東京23区,,京王線「千歳烏山」駅より徒歩16分、京王線「仙川」駅より徒歩17分,なし,なし,なし,,,,,,,,,,2LDK・2LDK,2LDK・2LDK,,,,,,
2004/6/3,表示,duo,日神デュオステージ幡ヶ谷,なし,,http://www.nisshinfudosan.co.jp/images/new/hatagaya_icon.gif,,,,,,,,,,,,,,,,,,,,,,,
2004/5/29,表示,palace,日神パレステージ清瀬けやき通り,なし,http://www.nisshinfudosan.co.jp/fin/kiyose/index.html,http://www.nisshinfudosan.co.jp/images/new/kiyose_icon.gif,東京都下,,西武池袋線、東京メトロ有楽町線「清瀬」駅より徒歩6分,なし,なし,なし,,,,,,,,,,3LDK,3LDK,,,,,,
2004/4/30,表示,duo,日神デュオステージ経堂,なし,,http://www.nisshinfudosan.co.jp/images/new/kyodo_icon.gif,,,,,,,,,,,,,,,,,,,,,,,
2004/4/29,表示,palace,日神パレステージ東川口ヒルパーク,なし,http://www.nisshinfudosan.co.jp/fin/hillpark/index.html,http://www.nisshinfudosan.co.jp/images/new/higasikawaguti_icon.gif,埼玉,,JR武蔵野線・埼玉高速鉄道「東川口」より徒歩12分,なし,なし,なし,,,,,,,,,,2LDK,3LDK＋W,,,,,,
2004/4/23,表示,palace,日神パレステージ横濱井土ヶ谷,なし,http://www.nisshinfudosan.co.jp/fin/yokohamaidogaya/index.html,http://www.nisshinfudosan.co.jp/images/new/idogaya_icon.gif,神奈川,,京浜急行本線「井土ヶ谷」駅より徒歩6分,横浜市営地下鉄1号線「蒔田」駅より徒歩11分,なし,なし,,,,,,,,,,,,,,,,,
2004/4/17,表示,palace,日神パレステージ愛甲石田フォレスト,なし,,http://www.nisshinfudosan.co.jp/images/new/aikou_icon.gif,,,,,,,,,,,,,,,,,,,,,,,
2004/4/1,表示,duo,日神デュオステージ杉並井荻,なし,,http://www.nisshinfudosan.co.jp/images/new/suginami_icon.gif,,,,,,,,,,,,,,,,,,,,,,,
2004/3/20,非表示,palace,日神パレステージ春日部元町公園,なし,http://www.nisshinfudosan.co.jp/fin/kasukabe/index.html,http://www.nisshinfudosan.co.jp/images/new/kasukabe_icon.gif,埼玉,,東武伊勢崎線・東武野田線「春日部」駅より徒歩8分,なし,なし,なし,,,,,,,,,,3LDK,3LDK,,,,,,
2004/2/14,非表示,palace,日神パレステージ久里浜海岸,なし,,http://www.nisshinfudosan.co.jp/images/new/kurihama_icon.jpg,,,,,,,,,,,,,,,,,,,,,,,
2004/2/7,非表示,palace,日神パレステージ王子神谷ウエストウイング,なし,http://www.nisshinfudosan.co.jp/fin/oji/index.html,http://www.nisshinfudosan.co.jp/images/new/gt_ojikamiya_icon.gif,,,,,,,,,,,,,,,,,,,,,,,
2004/1/24,非表示,duo,日神デュオステージときわ台,なし,http://www.nisshinfudosan.co.jp/fin/01/0384_close/index.html,http://www.nisshinfudosan.co.jp/images/new/tokiwa_icon.gif,,,,,,,,,,,,,,,,,,,,,,,
2004/1/16,非表示,duo,日神デュオステージ浦和高砂,なし,http://www.nisshinfudosan.co.jp/fin/03/0386_close/index.html,http://www.nisshinfudosan.co.jp/images/new/urawa_icon.gif,,,,,,,,,,,,,,,,,,,,,,,
2004/1/10,非表示,duo,日神デュオステージ中野坂上,なし,http://www.nisshinfudosan.co.jp/fin/01/0387_close/index.html,http://www.nisshinfudosan.co.jp/images/new/gt_nakanosakaue_icon.gif,,,,,,,,,,,,,,,,,,,,,,,
2004/1/10,非表示,palace,日神パレステージ湘南茅ヶ崎,なし,,http://www.nisshinfudosan.co.jp/images/new/chigasaki_icon.gif,,,,,,,,,,,,,,,,,,,,,,,
2003/12/5,非表示,duo,日神デュオステージ早稲田,なし,http://www.nisshinfudosan.co.jp/fin/01/0370_close/index.html,http://www.nisshinfudosan.co.jp/images/new/waseda.gif,,,,,,,,,,,,,,,,,,,,,,,
2003/10/25,非表示,palace,日神パレステージ西門公園通り,なし,http://www.nisshinfudosan.co.jp/fin/nishimon/index.html,http://www.nisshinfudosan.co.jp/images/new/gt_nishimon_icon.gif%20,,,,,,,,,,,,,,,,,,,,,,,
2003/10/4,非表示,palace,日神パレステージ上福岡,なし,http://www.nisshinfudosan.co.jp/fin/kamifukuoka/index.html,http://www.nisshinfudosan.co.jp/images/new/kamifuku.jpg,,,,,,,,,,,,,,,,,,,,,,,
2003/7/17,表示,duo,日神デュオステージ笹塚　東館・西館,なし,http://www.nisshinfudosan.co.jp/fin/01/0380_close/index.html,http://www.nisshinfudosan.co.jp/images/new/mini_k_sasazuka.jpg,,,,,,,,,,,,,,,,,,,,,,,
2003/7/15,表示,palace,日神パレステージ代々木公園,なし,http://www.nisshinfudosan.co.jp/fin/yoyogi/index.html,http://www.nisshinfudosan.co.jp/images/top/gaikan_pars/mini_k_yoyogi.jpg,,,,,,,,,,,,,,,,,,,,,,,
2003/7/4,表示,duo,日神デュオステージ仲池上,なし,http://www.nisshinfudosan.co.jp/fin/01/0379_close/index.html,http://www.nisshinfudosan.co.jp/images/new/nakaikegami.gif,,,,,,,,,,,,,,,,,,,,,,,
2003/6/16,表示,duo,日神デュオステージ新宿中落合,なし,http://www.nisshinfudosan.co.jp/fin/nakaochiai/index.html,http://www.nisshinfudosan.co.jp/images/top/gaikan_pars/mini_k_nakaochiai.jpg,,,,,,,,,,,,,,,,,,,,,,,
2003/5/23,表示,duo,日神デュオステージ荻窪,なし,http://www.nisshinfudosan.co.jp/fin/01/0369_close/index.html,http://www.nisshinfudosan.co.jp/images/top/gaikan_pars/mini_k_ogikubo.jpg,,,,,,,,,,,,,,,,,,,,,,,
2003/5/22,表示,duo,日神デュオステージ小石川,なし,,なし,,,,,,,,,,,,,,,,,,,,,,,
2003/5/9,表示,duo,日神デュオステージ上北沢,なし,http://www.nisshinfudosan.co.jp/fin/kamikita/index.html,http://www.nisshinfudosan.co.jp/images/new/gt019.gif,,,,,,,,,,,,,,,,,,,,,,,
2003/4/30,表示,duo,日神デュオステージ小竹向原,なし,,http://www.nisshinfudosan.co.jp/images/top/gaikan_pars/mini_k_mukaihara.gif,,,,,,,,,,,,,,,,,,,,,,,
2003/4/21,表示,duo,日神デュオステージ桜上水,なし,http://www.nisshinfudosan.co.jp/fin/sakurajyosu/index.html,http://www.nisshinfudosan.co.jp/images/new/gt016.gif,,,,,,,,,,,,,,,,,,,,,,,
2003/4/19,表示,duo,日神デュオステージ横濱マリンスクエア,なし,,http://www.nisshinfudosan.co.jp/images/new/gt014.gif,,,,,,,,,,,,,,,,,,,,,,,
2003/4/7,非表示,palace,日神パレステージ光が丘南,なし,http://www.nisshinfudosan.co.jp/fin/hikarigaoka/index.html,http://www.nisshinfudosan.co.jp/images/new/mini_hikarigaoka.gif,,,,,,,,,,,,,,,,,,,,,,,
2003/4/1,非表示,palace,日神パレステージ相模大野,なし,http://www.nisshinfudosan.co.jp/fin/sagamiohno/index.htm,http://www.nisshinfudosan.co.jp/images/new/mini_sagamioono.gif,,,,,,,,,,,,,,,,,,,,,,,
2003/3/21,非表示,palace,日神パレステージ川口並木,なし,http://www.nisshinfudosan.co.jp/fin/kawaguchinamiki/index.html,http://www.nisshinfudosan.co.jp/images/new/gt012.gif,,,,,,,,,,,,,,,,,,,,,,,
2003/2/22,非表示,palace,日神パレステージ武蔵新城,なし,http://www.nisshinfudosan.co.jp/fin/m_sinjyo/index.html,http://www.nisshinfudosan.co.jp/images/top/gaikan_pars/mini_musashi_shinjo.gif,,,,,,,,,,,,,,,,,,,,,,,
2003/2/8,非表示,palace,日神パレステージ杉田,なし,http://www.nisshinfudosan.co.jp/fin/sugita/index.html,http://www.nisshinfudosan.co.jp/images/top/gaikan_pars/mini_sugita.gif,,,,,,,,,,,,,,,,,,,,,,,
2003/1/14,非表示,palace,日神パレステージ井の頭公園　西館・東館,なし,http://www.nisshinfudosan.co.jp/fin/inokashira/index.html,http://www.nisshinfudosan.co.jp/images/top/gaikan_pars/mini_inokashira.gif,東京23区,,都営新宿線「瑞江」駅よりバス8分、「新堀小学校」停留所より徒歩4分,都営新宿線「瑞江」駅より徒歩23分 ,都営新宿線「篠崎」駅より徒歩22分,なし,,,,,,,,,,2LDK,2LDK,,,,,,
2002/12/7,非表示,palace,日神パレステージ金沢八景,なし,http://www.nisshinfudosan.co.jp/fin/kanazawa/index.html,http://www.nisshinfudosan.co.jp/images/top/gaikan_pars/mini_kanazawa.gif,,,,,,,,,,,,,,,,,,,,,,,
2002/11/9,非表示,palace,日神パレステージ南馬込,なし,http://www.nisshinfudosan.co.jp/fin/minami-magome/index.html,http://www.nisshinfudosan.co.jp/images/top/gaikan_pars/mini_magome.gif,,,,,,,,,,,,,,,,,,,,,,,
2002/11/9,非表示,palace,日神パレステージ南浦和,なし,http://www.nisshinfudosan.co.jp/fin/minamiurawa/index.html,http://www.nisshinfudosan.co.jp/images/top/gaikan_pars/mini_m_urawa.gif,,,,,,,,,,,,,,,,,,,,,,,
2002/10/26,非表示,palace,日神パレステージ南大井,なし,,http://www.nisshinfudosan.co.jp/images/top/gaikan_pars/mini_minamiohi.gif,,,,,,,,,,,,,,,,,,,,,,,
2002/10/26,表示,palace,日神パレステージ府中,なし,なし,http://www.nisshinfudosan.co.jp/images/top/gaikan_pars/mini_fuchu.gif,,,,,,,,,,,,,,,,,,,,,,,
2002/10/7,表示,palace,日神パレステージ西池袋公園,なし,http://www.nisshinfudosan.co.jp/fin/nishi-ike/index.html,http://www.nisshinfudosan.co.jp/images/top/gaikan_pars/nishi-ike_mini.jpg,,,,,,,,,,,,,,,,,,,,,,,
2002/10/7,表示,palace,日神パレステージ八王子明神町,なし,http://www.nisshinfudosan.co.jp/fin/hachiouji/index.html,http://www.nisshinfudosan.co.jp/images/top/gaikan_pars/hachioji_mini.jpg,,,,,,,,,,,,,,,,,,,,,,,
2002/9/25,表示,palace,パレステージ蕨,なし,http://www.nisshinfudosan.co.jp/fin/warab/index.html,なし,,,,,,,,,,,,,,,,,,,,,,,
2002/9/10,表示,palace,パレステージ淵野辺欅通り,なし,http://www.nisshinfudosan.co.jp/fin/fuchi_keyaki/index.html,なし,,,,,,,,,,,,,,,,,,,,,,,
2002/5/18,表示,palace,日神パレステージ調布,なし,http://www.nisshinfudosan.co.jp/fin/choufu/index.html,http://www.nisshinfudosan.co.jp/images/top/gaikan_pars/chofu_mini.jpg,,,,,,,,,,,,,,,,,,,,,,,
2002/4/27,表示,palace,日神パレステージ愛甲石田南,なし,,http://www.nisshinfudosan.co.jp/images/new/mini_logo.gif,,,,,,,,,,,,,,,,,,,,,,,
2002/4/25,表示,palace,日神パレステージ大宮宮町,なし,http://www.nisshinfudosan.co.jp/fin/omiya_miya/index.html,http://www.nisshinfudosan.co.jp/images/new/omiya.gif,,,,,,,,,,,,,,,,,,,,,,,
2002/4/12,表示,palace,日神パレステージ草加新田,なし,,http://www.nisshinfudosan.co.jp/images/top/gaikan_pars/shinden.jpg,,,,,,,,,,,,,,,,,,,,,,,
2002/2/23,表示,palace,日神パレステージ羽村,なし,,http://www.nisshinfudosan.co.jp/images/new/hamura_icon.gif,,,,,,,,,,,,,,,,,,,,,,,
2002/1/26,非表示,palace,日神パレステージ石神井台,なし,,http://www.nisshinfudosan.co.jp/images/new/syakujiidai_icon.gif,,,,,,,,,,,,,,,,,,,,,,,
2002/1/26,非表示,palace,日神パレステージ三浦海岸,なし,http://www.nisshinfudosan.co.jp/fin/miura_kaigan/index.html,http://www.nisshinfudosan.co.jp/images/new/miura_kaigan_icon.gif,,,,,,,,,,,,,,,,,,,,,,,
2001/9/27,非表示,palace,日神パレステージ亀戸第６ ,なし,http://www.nisshinfudosan.co.jp/fin/kameido6/index.html,なし,,,,,,,,,,,,,,,,,,,,,,,
2001/9/26,非表示,palace,日神パレステージ本所吾妻橋,なし,http://www.nisshinfudosan.co.jp/fin/honjo/index.html,なし,,,,,,,,,,,,,,,,,,,,,,,
2001/9/25,非表示,palace,日神パレステージ浅草橋,なし,http://www.nisshinfudosan.co.jp/fin/asakusabashi/index.html,なし,,,,,,,,,,,,,,,,,,,,,,,
2001/9/20,非表示,palace,日神パレステージ横浜阪東橋,なし,http://www.nisshinfudosan.co.jp/fin/bando_bashi/index.html,なし,,,,,,,,,,,,,,,,,,,,,,,
2001/9/10,非表示,palace,日神パレステージ北綾瀬第2,なし,http://www.nisshinfudosan.co.jp/fin/kita_ayase/index.html,なし,,,,,,,,,,,,,,,,,,,,,,,
2001/6/22,非表示,palace,日神パレステージ八王子ビュー・ウインズ ,なし,http://www.nisshinfudosan.co.jp/fin/hachioji/index.html,なし,,,,,,,,,,,,,,,,,,,,,,,
2001/5/14,非表示,palace,日神パレステージ保土ケ谷みなみ台,なし,http://www.nisshinfudosan.co.jp/fin/hodogaya/index.html,なし,,,,,,,,,,,,,,,,,,,,,,,
2000/9/20,非表示,palace,日神パレステージ入間けやき通り,なし,http://www.nisshinfudosan.co.jp/fin/iruma/index.html,なし,,,,,,,,,,,,,,,,,,,,,,,
2000/9/19,表示,palace,日神パレステージ橋本第2,なし,http://www.nisshinfudosan.co.jp/fin/hashimoto/index.html,なし,,,,,,,,,,,,,,,,,,,,,,,
2000/7/31,表示,palace,日神パレステージ上大岡第3,なし,http://www.nisshinfudosan.co.jp/fin/kamioooka/index.html,なし,,,,,,,,,,,,,,,,,,,,,,,
2000/7/12,表示,palace,日神パレステージ湘南藤沢,なし,http://www.nisshinfudosan.co.jp/fin/fujisawa/index.html,なし,,,,,,,,,,,,,,,,,,,,,,,
1999/10/7,表示,palace,日神パレステージ光が丘Ⅱ,なし,http://www.nisshinfudosan.co.jp/fin/hikarigaoka2/index.html,なし,,,,,,,,,,,,,,,,,,,,,,,
1999/9/28,表示,palace,日神パレステージ愛甲石田,なし,http://www.nisshinfudosan.co.jp/fin/aiko/index.html,なし,,,,,,,,,,,,,,,,,,,,,,,
1999/4/20,表示,palace,日神パレステージ市ヶ尾Ⅱ,なし,http://www.nisshinfudosan.co.jp/fin/ichigao2/index.html,なし,,,,,,,,,,,,,,,,,,,,,,,
1999/2/1,表示,palace,日神パレステージ鎌ヶ谷,なし,http://www.nisshinfudosan.co.jp/fin/kama/index.html,なし,,,,,,,,,,,,,,,,,,,,,,,
1998/7/31,表示,palace,日神パレステージ磯子丸山公園,なし,http://www.nisshinfudosan.co.jp/fin/isomaru/index.html,なし,,,,,,,,,,,,,,,,,,,,,,,
1997/12/19,表示,palace,日神パレステージ東所沢公園,なし,http://www.nisshinfudosan.co.jp/fin/hashimoto/index.html,なし,,,,,,,,,,,,,,,,,,,,,,,
